ResponseId,Progress,Duration (in seconds),participation,age,gender,education,livesinaachen,region,media channels,license,own_vehicle,preferences_mobility_1,preferences_mobility_2,preferences_mobility_3,preferences_mobility_4,preferences_mobility_5,preferences_mobility_6,preferences_mobility_7,preferences_mobility_8,preferences_mobility_9,driving_climate_1,driving_climate_2_n,driving_climate_3,driving_climate_4_n,technology_curios,technology_favor,technology_new,technology_moreoften,technology_scared_n,technology_overload_n,technology_destroy_n,technology_complex_n,technology_succesful,technology_me,technology_solution,technology_happening,utaut_performance1,utaut_performance2,utaut_performance3,utaut_performance 4,utaut_effort1,utaut_effort2,utaut_effort3,utaut_effort4,utaut_social1,utaut_social2,utaut_social3,utaut_hedonic1,utaut_hedonic2,utaut_hedonic3,utaut_pricevalue1,utaut_pricevalue2,utaut_pricevalue3,utaut_fascilitating1,utaut_fascilitating2,utaut_fascilitating3,utaut_fascilitating4,utaut_behavioral1,utaut_behavioral2,utaut_behavioral3,utaut_useintention,Sem_Diff_Ziefle_1,Sem_Diff_Ziefle_2,Sem_Diff_Ziefle_3,Sem_Diff_Ziefle_4,Sem_Diff_Ziefle_5,Sem_Diff_Ziefle_6,Sem_Diff_Ziefle_7,Sem_Diff_Ziefle_8,Sem_Diff_Ziefle_9,Sem_Diff_Ziefle_10,Sem_Diff_Ziefle_11,Sem_Diff_Ziefle_12,Sem_Diff_Ziefle_13,Sem_Diff_Ziefle_14,Sem_Diff_Ziefle_15,Sem_Diff_Ziefle_16,Sem_Diff_Ziefle_17,Sem_Diff_Ziefle_18,Sem_Diff_Ziefle_19,Sem_Diff_Ziefle_20,Sem_Diff_Ziefle_21,Sem_Diff_Ziefle_22,Sem_Diff_Ziefle_23,translated_media_channels,careless_speed,speeder_flag,careless_longstr,careless_avgstr,careless_irv,careless_psychsyn_pairs,careless_psychsyn,careless_psychant_pairs,careless_psychant,careless_mahadD,careless_mahadflag
R_18VXJzSJf26ZFXr,100,801,1,22,weiblich,(Fach-)Abitur,1,Stadtrand,21011,1,Ja,6,1,5,9,2,4,7,8,3,5,3,3,4,6,6,2,2,6,6,5,5,5,5,3,5,5,3,5,5,6,4,5,5,5,5,5,4,4,4,4,4,4,4,2,5,5,5,3,4,5,5,4,4,4,3,2,3,3,4,3,4,4,4,5,5,4,1,2,5,4,4,4,3,Artikel auf Websites von Zeitungen oder Zeitschriften, Artikel/Beiträge auf Instagram, Artikel/Beiträge auf anderen sozialen Medien,801,FALSE,7,2.05,1.0948883449032,87,0.205347694393171,87,0.205347694393171,58.4731185248537,FALSE
R_1CKqYIS00v4uj6R,100,551,1,29,weiblich,(Fach-)Hochschulabschluss,1,Stadt,23410,1,Ja,7,5,2,4,1,6,9,8,3,5,4,5,5,6,5,4,3,5,5,6,6,5,5,5,5,4,4,4,4,6,6,6,6,5,4,5,6,6,6,4,4,4,5,5,5,5,5,3,5,3,4,5,4,4,4,4,4,5,4,4,2,4,5,5,4,4,2,4,4,4,4,4,4,Artikel auf Websites von Zeitungen oder Zeitschriften, Plakate in der Stadt, Radio, Artikel/Beiträge auf Instagram,551,FALSE,5,1.95238095238095,0.882070734401615,87,0.416416202095985,87,0.416416202095985,29.3145345470413,FALSE
R_1CkRzuBFu8Su66L,100,490,1,35,weiblich,(Fach-)Hochschulabschluss,1,Stadtrand,237910,1,Ja,8,9,4,5,3,2,7,1,6,5,4,4,5,6,6,6,6,6,6,6,6,6,6,5,5,5,5,5,4,6,6,6,6,5,5,5,4,4,4,4,5,5,6,6,6,6,5,4,4,5,5,4,4,4,4,4,4,4,5,3,4,4,5,5,5,5,2,4,4,4,4,4,3,Artikel auf Websites von Zeitungen oder Zeitschriften, Plakate in der Stadt, Artikel auf Websites von Radio- oder Fernsehsendern, Artikel/Beiträge auf Facebook, Artikel/Beiträge auf Instagram,490,FALSE,10,2.92857142857143,0.790954964645624,87,0.613705492028783,87,0.613705492028783,14.4229055615703,FALSE
R_1EAJJRWEU1HeBmz,100,605,1,41,weiblich,(Fach-)Hochschulabschluss,1,Stadt,2378,1,Nein,6,2,1,9,3,5,7,8,4,6,6,6,5,6,6,6,6,6,6,6,6,3,5,1,3,4,5,4,4,6,6,6,6,4,4,4,6,6,6,4,4,4,6,6,6,6,4,4,4,3,5,5,3,4,3,3,3,4,3,3,3,3,5,5,5,3,1,3,3,3,3,3,3,Artikel auf Websites von Zeitungen oder Zeitschriften, Plakate in der Stadt, Artikel auf Websites von Radio- oder Fernsehsendern, Artikel auf Websites anderer Anbieter,605,FALSE,8,2.41176470588235,1.24498995979887,87,0.738872795640307,87,0.738872795640307,28.9990932719714,FALSE
R_1O0ICWzr7fpV6jf,100,521,1,28,weiblich,(Fach-)Hochschulabschluss,1,Stadt,23457891011,1,Ja,7,3,2,5,8,9,6,4,1,6,5,5,6,6,6,5,6,6,6,6,6,5,5,5,5,6,6,6,5,6,6,6,6,4,4,6,5,4,4,2,2,2,3,6,6,5,5,4,5,5,4,4,3,4,4,4,4,5,4,5,5,5,4,5,4,3,2,2,4,4,4,4,4,Artikel auf Websites von Zeitungen oder Zeitschriften, Plakate in der Stadt, Radio, Fernsehnachrichten, Artikel auf Websites von Radio- oder Fernsehsendern, Artikel auf Websites anderer Anbieter, Artikel/Beiträge auf Facebook, Artikel/Beiträge auf Instagram, Artikel/Beiträge auf anderen sozialen Medien,521,FALSE,5,2.15789473684211,1.1702615926031,87,0.523878612622814,87,0.523878612622814,30.3954511003159,FALSE
R_1PZbbMdfRPn6R0q,100,641,1,26,weiblich,(Fach-)Hochschulabschluss,1,Stadt,12349,1,Ja,9,2,4,5,1,8,6,7,3,3,2,2,2,6,6,5,4,6,6,6,6,3,3,3,3,2,2,3,2,6,6,6,6,2,2,3,5,5,5,5,5,5,6,6,5,5,2,2,2,2,3,4,4,4,4,4,4,4,4,4,4,4,4,4,4,4,3,4,4,3,4,4,4,Gedruckte Zeitungen/Zeitschriften, Artikel auf Websites von Zeitungen oder Zeitschriften, Plakate in der Stadt, Radio, Artikel/Beiträge auf Facebook,641,FALSE,6,2.41176470588235,1.67259109635612,87,0.828017945400895,87,0.828017945400895,34.7599250668228,FALSE
R_1rvJTxh29UQYIr7,100,328,1,28,männlich,(Fach-)Hochschulabschluss,1,Stadt,10,1,Ja,8,2,1,4,3,7,9,6,5,6,6,5,4,5,5,4,3,5,5,5,5,5,5,6,6,5,5,6,3,4,4,3,4,5,5,5,5,5,6,5,4,5,5,4,5,5,5,4,5,5,5,4,5,1,2,2,4,4,3,5,5,5,4,5,5,5,2,4,5,5,5,5,5,Artikel/Beiträge auf Instagram,328,FALSE,6,1.78260869565217,0.781649288208016,87,0.13290051740651,87,0.13290051740651,46.9569613571103,FALSE
R_1YNSJeySTbFbo6l,100,890,1,55,männlich,(Fach-)Hochschulabschluss,1,Stadt,23457,1,Ja,7,1,2,3,9,5,6,8,4,5,6,5,6,4,4,3,4,3,3,3,3,4,3,3,3,5,5,5,4,5,4,4,4,6,6,6,4,6,6,6,6,6,6,5,4,5,6,5,5,5,4,4,5,5,4,2,2,3,3,3,5,5,5,5,5,4,5,5,5,5,5,5,3,Artikel auf Websites von Zeitungen oder Zeitschriften, Plakate in der Stadt, Radio, Fernsehnachrichten, Artikel auf Websites von Radio- oder Fernsehsendern,890,FALSE,6,1.86363636363636,1.10927354826393,87,0.504303766156895,87,0.504303766156895,42.6801373929919,FALSE
R_21nC3qzZO1yi6a5,100,5324,1,25,männlich,(Fach-)Hochschulabschluss,1,Stadtrand,37810,1,Ja,9,2,3,5,1,4,8,7,6,6,6,6,6,3,4,4,1,5,6,5,6,4,6,2,5,2,2,2,3,5,4,5,5,3,5,3,4,3,4,5,4,4,4,1,2,3,4,2,4,2,4,5,4,2,2,1,5,2,4,3,4,1,2,5,5,3,2,3,4,5,1,2,1,Plakate in der Stadt, Artikel auf Websites von Radio- oder Fernsehsendern, Artikel auf Websites anderer Anbieter, Artikel/Beiträge auf Instagram,5324,FALSE,4,1.28125,1.47994726339793,87,0.411237682148714,87,0.411237682148714,53.8512337224082,FALSE
R_21vhmRmkHIH2w4B,100,436,1,27,männlich,(Fach-)Hochschulabschluss,1,Nicht in der Städteregion Aachen,2410,1,Ja,9,3,6,4,1,2,7,8,5,5,6,4,4,4,4,4,4,4,5,5,6,5,5,6,5,6,6,6,4,6,5,5,6,4,4,4,4,4,4,1,2,1,1,6,4,4,6,4,6,5,5,5,5,5,5,5,4,3,1,2,3,4,5,5,5,5,1,1,5,5,2,3,1,Artikel auf Websites von Zeitungen oder Zeitschriften, Radio, Artikel/Beiträge auf Instagram,436,FALSE,7,1.78260869565217,1.36238671491453,87,0.351834320162171,87,0.351834320162171,52.1020608182172,FALSE
R_29MZrC1NRS1R3JD,100,475,1,33,weiblich,(Fach-)Abitur,1,Stadt,8,1,Nein,7,4,1,5,3,2,9,8,6,5,4,3,4,6,5,4,4,6,5,6,6,5,4,3,5,4,4,4,2,5,6,5,5,3,3,3,2,1,1,5,5,5,6,6,4,2,4,4,4,4,4,4,3,2,4,3,3,3,3,3,3,1,3,4,1,2,4,4,1,5,3,4,4,Artikel auf Websites anderer Anbieter,475,FALSE,4,1.51851851851852,1.34572493837192,87,0.544242721820479,87,0.544242721820479,43.6416498059755,FALSE
R_2C4ky8Csa09QGrC,100,464,1,26,weiblich,(Fach-)Abitur,1,Stadt,2,2,Nein,1,2,3,7,4,6,9,8,5,6,6,5,6,6,6,5,5,6,6,6,6,5,6,6,5,1,1,1,1,6,5,5,5,2,1,1,1,1,1,2,3,3,5,5,5,5,1,1,1,1,1,1,3,1,3,3,3,3,3,3,3,3,1,3,4,3,3,3,1,1,1,1,1,Artikel auf Websites von Zeitungen oder Zeitschriften,464,FALSE,5,2.41176470588235,2.15072307750151,87,0.972278347951201,87,0.972278347951201,32.445568683423,FALSE
R_2CAYTEBEYdq9ZdM,100,987,1,52,männlich,(Fach-)Hochschulabschluss,1,Stadtrand,145910,1,Ja,9,2,1,6,4,3,8,7,5,6,6,5,6,4,2,2,2,3,4,4,3,4,4,4,5,6,6,6,5,5,5,5,5,5,5,5,4,4,4,4,4,5,5,5,5,4,5,3,5,5,5,5,4,4,4,4,2,2,2,4,4,5,4,5,4,4,1,2,5,5,3,5,4,Gedruckte Zeitungen/Zeitschriften, Radio, Fernsehnachrichten, Artikel/Beiträge auf Facebook, Artikel/Beiträge auf Instagram,987,FALSE,8,2.27777777777778,1.07521977333734,87,0.438073053028753,87,0.438073053028753,30.7266981995174,FALSE
R_2dBkD5eiMVnE8Ts,100,1113,1,36,männlich,(Fach-)Hochschulabschluss,1,Land,234711,1,Nein,8,5,1,3,6,2,9,4,7,5,5,3,2,4,4,2,2,3,3,4,3,2,4,2,2,6,6,6,6,6,6,6,6,6,6,6,6,6,6,5,6,6,6,6,6,6,6,6,6,7,5,5,1,5,3,4,3,3,4,5,5,5,5,5,5,3,1,4,5,5,5,5,5,Artikel auf Websites von Zeitungen oder Zeitschriften, Plakate in der Stadt, Radio, Artikel auf Websites von Radio- oder Fernsehsendern, Artikel/Beiträge auf anderen sozialen Medien,1113,FALSE,14,2.73333333333333,1.58422097497823,87,0.872581164860509,87,0.872581164860509,29.9760856283262,FALSE
R_2EclZEQUFqmd9Gc,100,403,1,25,männlich,(Fach-)Hochschulabschluss,1,Stadt,310,1,Ja,8,4,1,3,2,6,9,7,5,6,6,6,6,6,6,6,6,6,6,6,5,5,5,4,5,6,6,6,6,6,6,6,6,5,5,6,6,6,6,4,4,4,3,6,6,6,6,6,6,7,5,5,5,5,5,5,5,4,5,5,5,5,5,5,5,4,2,4,5,5,4,5,5,Plakate in der Stadt, Artikel/Beiträge auf Instagram,403,FALSE,11,3.72727272727273,0.802435317657685,87,0.397573283972945,87,0.397573283972945,30.5276712182844,FALSE
R_2fkIsJDeRsrGBv5,100,836,1,35,weiblich,(Fach-)Hochschulabschluss,1,Stadtrand,891011,1,Ja,9,2,3,8,1,5,7,6,4,6,5,5,2,6,6,6,6,5,5,6,5,5,5,5,5,4,5,3,3,5,5,5,5,4,5,5,4,4,4,3,4,4,3,5,3,4,4,4,3,3,4,4,4,5,5,5,5,5,4,4,4,3,3,4,4,3,3,3,4,4,2,3,3,Artikel auf Websites anderer Anbieter, Artikel/Beiträge auf Facebook, Artikel/Beiträge auf Instagram, Artikel/Beiträge auf anderen sozialen Medien,836,FALSE,5,1.95238095238095,1.02766607464468,87,0.257808613102264,87,0.257808613102264,42.8935521887312,FALSE
R_2FmprtS3ovwHFTe,100,402,1,32,weiblich,(Fach-)Hochschulabschluss,1,Stadt,123468910,1,Ja,7,4,5,9,3,1,6,8,2,6,6,5,2,5,5,4,2,6,6,6,6,1,6,5,5,3,2,3,3,6,5,5,5,2,3,2,4,4,4,4,4,4,5,5,3,5,2,4,2,2,4,4,5,4,4,4,4,4,4,4,4,4,5,4,5,4,2,3,4,4,4,4,2,Gedruckte Zeitungen/Zeitschriften, Artikel auf Websites von Zeitungen oder Zeitschriften, Plakate in der Stadt, Radio, E-Mail Newsletter, Artikel auf Websites anderer Anbieter, Artikel/Beiträge auf Facebook, Artikel/Beiträge auf Instagram,402,FALSE,6,1.64,1.48980273698297,87,0.656294895629703,87,0.656294895629703,47.8637294372082,FALSE
R_2fTMRACIiUaOPj3,100,601,1,31,männlich,(Fach-)Hochschulabschluss,1,Stadt,123410,1,Ja,9,1,2,8,3,6,7,5,4,5,5,2,3,4,4,2,2,5,4,5,5,3,4,4,4,4,4,4,2,5,4,4,4,5,4,4,4,3,4,3,3,3,5,5,5,4,4,2,4,4,4,4,2,4,3,4,4,4,4,4,4,4,4,4,4,4,2,4,4,4,4,3,2,Gedruckte Zeitungen/Zeitschriften, Artikel auf Websites von Zeitungen oder Zeitschriften, Plakate in der Stadt, Radio, Artikel/Beiträge auf Instagram,601,FALSE,6,1.86363636363636,0.937042571331636,87,0.116304390308612,87,0.116304390308612,44.1084568123037,FALSE
R_2i6xu3AIvN3RjNL,100,586,1,26,keine Angabe,(Fach-)Hochschulabschluss,1,Stadtrand,13,2,Nein,6,5,4,8,3,2,9,7,1,6,6,6,6,4,4,4,4,5,5,5,5,5,2,5,5,2,4,4,2,5,4,4,4,2,2,2,1,1,1,2,4,2,5,5,3,3,2,2,2,3,3,3,3,3,3,3,3,3,3,3,3,3,3,3,3,3,3,3,3,3,3,2,2,Gedruckte Zeitungen/Zeitschriften, Plakate in der Stadt,586,FALSE,5,2.15789473684211,1.53098087480686,87,0.706691952735957,87,0.706691952735957,42.2935729423026,FALSE
R_2IfMJewIWd0dBil,100,450,1,21,männlich,Realschulabschluss (Mittlere Reife),1,Stadt,341011,1,Ja,9,1,2,6,4,3,8,7,5,6,6,6,6,4,4,3,4,5,4,6,6,5,5,2,6,5,4,4,5,6,6,6,6,5,5,5,5,5,5,6,6,6,6,6,6,6,6,4,5,4,5,4,4,4,4,5,2,2,4,4,5,4,5,5,4,4,2,4,4,5,4,5,2,Plakate in der Stadt, Radio, Artikel/Beiträge auf Instagram, Artikel/Beiträge auf anderen sozialen Medien,450,FALSE,8,2.15789473684211,0.988963487944729,87,0.449691137345554,87,0.449691137345554,38.0276089235937,FALSE
R_2mlR2elgMvTC4zV,100,377,1,25,männlich,(Fach-)Hochschulabschluss,1,Stadt,2,1,Nein,6,2,5,7,4,3,8,9,1,5,5,5,5,5,4,3,5,4,4,5,5,4,5,3,3,4,4,4,4,5,4,4,4,4,4,4,5,5,5,4,4,4,4,4,4,4,4,4,4,2,2,5,2,5,3,5,5,5,5,4,3,5,5,1,4,3,4,4,4,2,3,2,2,Artikel auf Websites von Zeitungen oder Zeitschriften,377,FALSE,10,2.73333333333333,0.678951846419242,87,0.282886089785081,87,0.282886089785081,21.7629247161794,FALSE
R_2RKMFDmm0e4qsdX,100,1018,1,53,weiblich,(Fach-)Abitur,1,Land,2371011,1,Ja,8,9,4,3,2,1,6,5,7,6,6,3,3,5,5,4,5,5,5,6,5,4,4,2,5,5,4,2,2,5,4,5,5,2,5,6,5,5,4,4,4,4,6,5,4,5,3,2,3,2,4,2,4,3,2,2,3,4,5,5,3,2,3,5,3,3,1,3,3,5,3,3,2,Artikel auf Websites von Zeitungen oder Zeitschriften, Plakate in der Stadt, Artikel auf Websites von Radio- oder Fernsehsendern, Artikel/Beiträge auf Instagram, Artikel/Beiträge auf anderen sozialen Medien,1018,FALSE,4,1.46428571428571,1.24057421795066,87,0.142818503719983,87,0.142818503719983,58.3920667949863,FALSE
R_2rTGHBRDVipXnfC,100,630,1,25,männlich,(Fach-)Abitur,1,Stadt,23910,2,Nein,6,3,1,4,2,7,9,8,5,6,5,5,5,5,5,4,5,4,4,5,5,4,5,3,2,5,5,5,4,6,5,5,6,6,6,6,5,5,5,5,5,5,5,5,5,5,6,6,6,5,4,5,5,4,4,4,3,3,4,5,5,4,5,2,5,5,3,4,4,4,4,5,5,Artikel auf Websites von Zeitungen oder Zeitschriften, Plakate in der Stadt, Artikel/Beiträge auf Facebook, Artikel/Beiträge auf Instagram,630,FALSE,10,2.27777777777778,0.82121266667194,87,0.0922590434585933,87,0.0922590434585933,28.2194886760262,FALSE
R_2rThJ9BoHeyLkAV,100,620,1,39,weiblich,(Fach-)Hochschulabschluss,1,Stadtrand,211,1,Ja,3,8,2,4,9,1,6,7,5,5,5,3,3,5,5,3,3,6,6,6,6,5,5,5,5,4,4,4,3,5,4,4,4,3,3,3,4,4,4,3,3,3,4,4,3,3,4,1,1,2,4,4,3,4,4,4,4,3,3,3,3,3,3,5,4,4,2,3,3,3,3,3,3,Artikel auf Websites von Zeitungen oder Zeitschriften, Artikel/Beiträge auf anderen sozialen Medien,620,FALSE,4,2.27777777777778,1.22075546381699,87,0.552332036615933,87,0.552332036615933,33.0617560751476,FALSE
R_2T6ImyKoDMLhOr7,100,970,1,64,weiblich,(Fach-)Abitur,1,Stadtrand,145,1,Ja,9,3,2,4,8,1,6,7,5,6,5,5,6,5,5,4,3,4,4,4,4,4,5,4,5,6,6,6,4,6,6,6,6,5,5,5,6,6,6,5,5,5,5,6,6,5,6,5,4,4,5,5,5,5,5,5,5,5,5,5,5,5,5,5,5,5,5,4,5,5,5,5,4,Gedruckte Zeitungen/Zeitschriften, Radio, Fernsehnachrichten,970,FALSE,5,1.95238095238095,0.848240646940449,87,0.339195285295131,87,0.339195285295131,31.1638047318353,FALSE
R_2tK9Dnd0WuPhrtn,100,1768,1,38,männlich,(Fach-)Hochschulabschluss,1,Stadt,211,2,Nein,7,2,5,4,3,1,9,8,6,6,5,2,6,4,3,4,2,5,5,3,6,6,6,6,6,5,4,6,4,4,3,3,4,4,5,4,5,4,3,5,4,5,4,4,5,4,4,4,3,3,5,5,4,3,4,4,3,1,3,1,1,1,5,4,5,5,4,5,5,5,5,5,5,Artikel auf Websites von Zeitungen oder Zeitschriften, Artikel/Beiträge auf anderen sozialen Medien,1768,FALSE,5,1.41379310344828,1.13158641069874,87,0.0195857312367574,87,0.0195857312367574,56.0788512177645,FALSE
R_2TqhewEQ7deM0Jr,100,607,1,27,weiblich,(Fach-)Hochschulabschluss,1,Stadt,10,1,Ja,8,4,1,9,3,2,7,6,5,6,5,4,5,6,5,4,6,6,6,6,6,4,4,4,3,5,6,6,5,6,6,6,6,6,5,5,6,5,5,6,6,6,6,6,5,5,6,6,6,7,5,5,5,5,4,4,3,4,4,5,5,5,5,5,5,4,1,5,5,5,5,5,5,Artikel/Beiträge auf Instagram,607,FALSE,5,1.95238095238095,0.838116354923494,87,0.0259573574124951,87,0.0259573574124951,36.2993420747123,FALSE
R_2V4We0nWOq4IBIB,100,722,1,22,weiblich,(Fach-)Abitur,1,Stadt,236810,1,Nein,7,3,1,6,2,4,9,8,5,6,5,5,5,6,5,4,2,6,6,4,5,3,4,3,4,3,4,4,2,5,5,5,5,3,3,3,5,5,4,5,5,5,5,5,3,3,3,2,3,4,3,4,2,3,3,2,2,3,4,5,3,3,3,4,3,2,2,3,1,2,2,1,1,Artikel auf Websites von Zeitungen oder Zeitschriften, Plakate in der Stadt, E-Mail Newsletter, Artikel auf Websites anderer Anbieter, Artikel/Beiträge auf Instagram,722,FALSE,5,1.64,1.14497843200477,87,0.561796549984348,87,0.561796549984348,39.8187372030476,FALSE
R_2v6jnsIdnNpj7ON,100,668,1,20,keine Angabe,(Fach-)Abitur,1,Stadt,11,2,Nein,1,2,3,8,6,5,7,9,4,6,6,6,6,6,5,4,3,5,5,5,5,4,4,2,2,2,3,3,2,5,5,5,5,4,4,4,4,4,4,4,4,4,5,5,5,5,1,1,1,1,1,2,2,3,3,3,2,3,3,3,2,2,3,5,1,2,2,4,1,3,3,1,2,Artikel/Beiträge auf anderen sozialen Medien,668,FALSE,9,3.15384615384615,1.48323969741913,87,0.602235266324573,87,0.602235266324573,34.8863098882375,FALSE
R_2xKkDOOADLHS551,100,361,1,37,weiblich,(Fach-)Hochschulabschluss,1,Stadtrand,2410,1,Ja,9,5,6,3,4,8,2,1,7,4,5,2,5,6,6,5,6,5,6,6,5,5,5,3,5,1,1,1,1,5,5,1,2,1,1,1,3,3,2,4,3,2,3,2,1,3,1,1,1,1,1,1,1,1,1,1,1,1,3,3,2,2,1,4,2,1,1,4,1,2,1,1,1,Artikel auf Websites von Zeitungen oder Zeitschriften, Radio, Artikel/Beiträge auf Instagram,361,FALSE,4,1.51851851851852,1.89157309678685,87,0.774727613292074,87,0.774727613292074,61.5336884157078,FALSE
R_31XjpJ4Hv9QFxkd,100,662,1,25,männlich,(Fach-)Abitur,1,Stadt,1011,NA,NA,6,5,3,2,1,4,9,8,7,5,4,5,5,5,4,2,3,4,5,6,6,3,4,3,5,5,4,5,3,6,6,6,6,4,4,4,5,5,5,4,4,5,5,5,6,6,5,4,6,4,4,4,3,4,3,4,4,2,4,4,4,4,3,5,4,5,3,2,5,4,4,4,3,Artikel/Beiträge auf Instagram, Artikel/Beiträge auf anderen sozialen Medien,662,FALSE,4,1.57692307692308,1.01512945227594,87,0.309407622460621,87,0.309407622460621,39.9477911931169,FALSE
R_3B9lUJsx8HMGxK9,100,1406,1,64,weiblich,(Fach-)Hochschulabschluss,1,Stadt,123,1,Ja,9,1,3,4,8,2,7,5,6,6,5,5,5,6,5,4,4,3,4,5,4,4,5,4,2,6,6,6,5,6,5,5,5,4,2,5,5,5,4,2,3,3,4,5,5,5,5,5,4,4,5,5,5,5,5,5,3,5,5,5,3,5,5,3,3,5,3,3,3,5,3,4,3,Gedruckte Zeitungen/Zeitschriften, Artikel auf Websites von Zeitungen oder Zeitschriften, Plakate in der Stadt,1406,FALSE,5,1.64,1.07521977333734,87,0.161805248420247,87,0.161805248420247,51.3246588023234,FALSE
R_3Bex5vT4DSQuaCk,100,461,1,23,männlich,(Fach-)Hochschulabschluss,1,Stadt,310,1,Ja,4,9,3,7,1,5,8,6,2,5,6,4,6,5,4,4,3,5,5,5,5,4,5,4,5,5,5,5,3,5,5,5,5,4,5,6,4,4,3,3,3,3,4,5,3,3,6,4,5,5,5,5,5,5,3,3,3,4,4,5,4,3,4,5,5,3,3,2,5,5,4,5,5,Plakate in der Stadt, Artikel/Beiträge auf Instagram,461,FALSE,4,1.64,0.924596154426616,87,0.200322089558365,87,0.200322089558365,36.583884642231,FALSE
R_3CgjjjKCxugr2BX,100,923,1,28,männlich,(Fach-)Hochschulabschluss,1,Stadt,210,1,Ja,8,4,1,5,3,9,6,7,2,5,5,4,5,5,5,4,3,4,6,5,5,2,5,2,5,4,3,4,3,6,6,6,6,5,5,5,4,4,4,3,2,2,3,6,6,6,3,1,2,2,3,4,4,4,4,4,3,4,5,4,4,3,4,3,3,3,3,2,3,3,3,3,3,Artikel auf Websites von Zeitungen oder Zeitschriften, Artikel/Beiträge auf Instagram,923,FALSE,4,1.57692307692308,1.43007760321582,87,0.455721947453854,87,0.455721947453854,39.2939292462695,FALSE
R_3cr8KcWlJMrT2QF,100,661,1,59,weiblich,(Fach-)Hochschulabschluss,1,Stadt,1259,1,Ja,9,2,7,8,3,1,6,4,5,6,5,5,5,4,4,3,2,3,4,4,4,3,4,2,3,3,3,3,2,5,5,5,5,5,5,5,4,4,4,4,5,4,2,4,4,5,3,3,3,2,2,2,3,3,2,5,4,4,4,4,4,3,5,4,2,2,4,4,5,3,3,3,3,Gedruckte Zeitungen/Zeitschriften, Artikel auf Websites von Zeitungen oder Zeitschriften, Fernsehnachrichten, Artikel/Beiträge auf Facebook,661,FALSE,7,1.95238095238095,1.06209640828307,87,0.25479302895809,87,0.25479302895809,33.8265357066546,FALSE
R_3dpfEb8V4unXYOt,100,511,1,22,männlich,(Fach-)Hochschulabschluss,1,Stadt,10,1,Nein,7,6,2,4,3,1,8,9,5,6,5,5,5,4,3,2,2,5,5,5,5,4,5,5,5,5,5,5,4,5,5,5,5,5,4,4,5,5,5,5,5,5,5,5,5,4,5,3,3,4,5,4,4,4,4,4,2,3,4,5,4,3,5,4,5,5,4,3,5,5,5,5,3,Artikel/Beiträge auf Instagram,511,FALSE,9,2.5625,0.867432432175696,87,0.394933844622901,87,0.394933844622901,19.4231056386836,FALSE
R_3qvS5ttCHXg6kEA,100,493,1,26,männlich,(Fach-)Hochschulabschluss,1,Stadt,410,1,Ja,7,4,3,6,2,5,9,8,1,5,3,3,3,6,6,4,5,6,5,6,6,3,2,2,2,6,5,5,5,5,5,6,6,6,5,5,6,6,5,6,5,5,6,6,6,6,6,5,5,5,5,4,5,5,4,4,4,3,3,5,5,5,5,5,5,5,4,5,5,5,5,5,5,Radio, Artikel/Beiträge auf Instagram,493,FALSE,5,2.05,1.23466199581199,87,0.323803978418245,87,0.323803978418245,35.4584959644579,FALSE
R_3yeWFK17ZXI4B6i,100,451,1,22,männlich,(Fach-)Hochschulabschluss,1,Stadt,1011,1,Nein,7,6,5,4,3,2,8,9,1,5,4,4,5,4,4,4,4,5,5,6,5,5,5,5,5,5,5,5,5,5,4,5,5,4,5,5,3,3,3,3,4,3,5,5,5,4,5,3,5,4,5,4,2,5,3,5,4,3,4,3,3,5,5,5,4,4,1,3,4,4,4,5,3,Artikel/Beiträge auf Instagram, Artikel/Beiträge auf anderen sozialen Medien,451,FALSE,10,2.05,0.777739062141338,87,0.277242771704798,87,0.277242771704798,21.7135222716529,FALSE
R_40rfjmW5mB0uLVw,100,572,1,41,weiblich,(Fach-)Hochschulabschluss,1,Stadt,236811,1,Ja,3,5,4,8,2,6,7,9,1,6,6,6,6,6,6,4,3,6,6,6,6,5,4,4,4,1,1,1,1,6,6,6,6,2,2,2,4,4,4,4,4,4,6,6,6,6,1,1,1,2,1,4,3,5,5,5,5,5,3,3,4,1,3,4,3,2,4,2,2,3,1,1,2,Artikel auf Websites von Zeitungen oder Zeitschriften, Plakate in der Stadt, E-Mail Newsletter, Artikel auf Websites anderer Anbieter, Artikel/Beiträge auf anderen sozialen Medien,572,FALSE,6,3.15384615384615,1.94810727405333,87,0.897059557303973,87,0.897059557303973,24.2269229145065,FALSE
R_40UalYsEeg4wgX2,100,876,1,23,weiblich,(Fach-)Hochschulabschluss,1,Stadt,21011,1,Nein,6,5,4,7,3,2,9,8,1,6,6,4,6,6,6,6,6,6,6,6,6,1,6,6,6,2,1,1,1,6,6,6,6,1,1,1,4,4,4,5,5,5,6,6,5,6,1,1,1,2,5,3,4,4,3,5,4,3,5,5,3,3,4,5,4,1,3,2,2,2,2,2,1,Artikel auf Websites von Zeitungen oder Zeitschriften, Artikel/Beiträge auf Instagram, Artikel/Beiträge auf anderen sozialen Medien,876,FALSE,9,2.5625,2.13592956858395,87,0.900133862358709,87,0.900133862358709,43.4640032164361,FALSE
R_48nWglGWKnGWKdP,100,374,1,24,weiblich,(Fach-)Hochschulabschluss,1,Stadt,24,1,Nein,6,5,3,8,4,2,9,7,1,6,6,5,6,6,6,4,3,6,6,6,6,2,5,6,6,6,6,6,6,5,5,5,6,6,4,6,6,6,6,5,6,5,6,6,6,6,6,5,6,5,5,5,4,5,5,5,4,4,4,4,5,4,5,5,5,5,1,4,5,5,5,4,5,Artikel auf Websites von Zeitungen oder Zeitschriften, Radio,374,FALSE,6,2.05,0.897829360722632,87,0.106722545937018,87,0.106722545937018,47.8896373482452,FALSE
R_4EZ6uGAnN76Y6aC,100,1565,1,48,weiblich,Realschulabschluss (Mittlere Reife),1,Stadt,8,2,Nein,7,4,1,5,2,3,9,8,6,6,6,6,5,5,5,3,3,4,5,5,5,5,5,4,5,5,5,5,4,5,4,5,5,5,5,5,6,6,6,3,4,4,6,5,4,4,6,6,6,3,5,5,4,4,4,4,4,5,4,3,4,4,5,5,3,3,1,3,4,4,4,4,5,Artikel auf Websites anderer Anbieter,1565,FALSE,5,2.15789473684211,0.9099718569757,87,0.240076581017186,87,0.240076581017186,32.5256387049691,FALSE
R_4h0dJlVHJDhf3LZ,100,919,1,59,weiblich,(Fach-)Abitur,1,Stadt,3411,1,Nein,5,3,4,6,9,2,8,1,7,6,5,5,5,3,4,1,1,3,3,3,5,2,3,3,5,2,2,2,2,5,5,5,5,2,2,2,5,5,5,2,2,2,5,5,5,5,2,2,2,3,3,4,4,4,3,3,5,2,2,3,4,4,2,1,5,5,1,3,2,3,4,3,5,Plakate in der Stadt, Radio, Artikel/Beiträge auf anderen sozialen Medien,919,FALSE,4,2.27777777777778,1.4840616646185,87,0.737371133018836,87,0.737371133018836,40.8104153039426,FALSE
R_4kGrvn3tzeudq2t,100,450,1,30,männlich,(Fach-)Hochschulabschluss,1,Stadtrand,23910,2,Nein,1,2,3,7,8,4,9,6,5,6,6,4,5,3,2,3,2,5,4,6,6,5,5,3,3,2,2,2,2,5,3,4,4,1,1,1,1,1,1,5,4,5,6,5,4,4,1,1,1,1,1,1,3,3,3,3,3,3,3,2,3,3,3,4,2,2,2,4,2,2,3,2,4,Artikel auf Websites von Zeitungen oder Zeitschriften, Plakate in der Stadt, Artikel/Beiträge auf Facebook, Artikel/Beiträge auf Instagram,450,FALSE,6,1.70833333333333,1.77825620256228,87,0.884187855061487,87,0.884187855061487,46.4223854968224,FALSE
R_4mmJ6GbpWNnP9zn,100,627,1,42,weiblich,(Fach-)Hochschulabschluss,1,Stadt,24581011,1,Ja,9,3,1,2,6,5,8,7,4,6,6,6,6,6,6,5,6,6,6,6,6,3,6,4,6,6,6,6,4,6,6,6,6,4,4,4,6,6,6,1,1,1,6,6,6,6,6,6,6,7,5,5,5,5,5,5,5,5,5,5,5,5,5,5,5,5,1,1,5,5,5,4,4,Artikel auf Websites von Zeitungen oder Zeitschriften, Radio, Fernsehnachrichten, Artikel auf Websites anderer Anbieter, Artikel/Beiträge auf Instagram, Artikel/Beiträge auf anderen sozialen Medien,627,FALSE,7,2.92857142857143,1.47375412451066,87,0.486517667095976,87,0.486517667095976,35.87688059143,FALSE
R_4q3rdMvjtMGNicH,100,476,1,27,weiblich,(Fach-)Hochschulabschluss,1,Stadt,13410,1,Ja,6,4,1,8,3,2,9,7,5,6,5,4,6,6,6,4,4,5,6,5,6,6,5,3,5,6,6,5,2,5,5,5,5,5,5,5,4,4,6,1,1,1,5,5,4,5,5,5,5,5,4,4,5,2,2,2,1,3,2,2,4,4,5,5,5,4,1,4,4,5,3,4,4,Gedruckte Zeitungen/Zeitschriften, Plakate in der Stadt, Radio, Artikel/Beiträge auf Instagram,476,FALSE,7,1.86363636363636,1.34979673266466,87,0.360864267749702,87,0.360864267749702,53.180926197002,FALSE
R_4zUxy7W053sRTD6,100,490,1,58,weiblich,Hauptschulabschluss / Volksschulabschluss,1,Land,13459,1,Ja,9,2,4,7,8,1,6,5,3,4,3,3,2,2,2,2,1,2,1,3,1,2,2,3,3,4,3,3,2,3,2,3,3,3,5,4,3,3,3,4,4,4,6,2,1,3,3,2,2,1,4,3,3,2,2,2,3,2,3,3,4,3,4,5,4,4,1,4,4,4,4,4,3,Gedruckte Zeitungen/Zeitschriften, Plakate in der Stadt, Radio, Fernsehnachrichten, Artikel/Beiträge auf Facebook,490,FALSE,4,1.57692307692308,1.09600160227763,87,0.209279420217372,87,0.209279420217372,48.9714171469567,FALSE
R_5D6JuFr2ndm0zce,100,328,1,33,männlich,(Fach-)Hochschulabschluss,1,Stadt,24,1,Ja,9,5,4,6,3,2,8,7,1,6,5,2,5,5,5,2,2,5,5,6,6,4,5,2,3,4,3,3,2,4,4,4,4,2,2,2,3,3,3,4,4,4,5,5,4,4,2,2,1,2,3,3,3,3,3,3,3,3,3,3,3,3,3,3,3,3,3,3,3,3,3,3,3,Artikel auf Websites von Zeitungen oder Zeitschriften, Radio,328,FALSE,4,1.78260869565217,1.35790369283848,87,0.682069822794588,87,0.682069822794588,32.0265100541264,FALSE
R_5pnAGga1RhZxGXQ,100,768,1,27,weiblich,(Fach-)Hochschulabschluss,1,Stadt,235,1,Nein,6,5,2,9,4,3,8,7,1,5,6,5,5,5,5,6,5,5,6,5,5,4,5,5,5,5,4,4,3,3,4,5,5,5,5,5,5,5,4,5,4,5,5,5,3,5,5,3,5,5,5,4,4,4,4,2,2,2,4,2,2,4,2,1,5,1,1,5,1,4,3,1,1,Artikel auf Websites von Zeitungen oder Zeitschriften, Plakate in der Stadt, Fernsehnachrichten,768,FALSE,7,1.95238095238095,0.7424415884062,87,0.00340119160897452,87,0.00340119160897452,49.9885692104128,FALSE
R_5PYlNC0NLXvAOOr,100,987,1,21,weiblich,(Fach-)Abitur,1,Stadt,1381011,2,Nein,5,3,1,7,6,2,9,8,4,5,3,4,5,5,5,5,6,5,6,6,6,5,5,2,5,6,6,6,4,5,6,4,4,5,5,6,5,5,5,2,4,3,5,5,3,3,6,5,5,5,5,4,4,4,5,4,5,5,4,5,5,4,4,5,5,2,2,2,5,4,4,4,4,Gedruckte Zeitungen/Zeitschriften, Plakate in der Stadt, Artikel auf Websites anderer Anbieter, Artikel/Beiträge auf Instagram, Artikel/Beiträge auf anderen sozialen Medien,987,FALSE,4,1.64,1.08425539246875,87,0.354532543664807,87,0.354532543664807,39.9880762918333,FALSE
R_5rwGsYHSSpTl9QK,100,709,1,25,männlich,(Fach-)Hochschulabschluss,1,Stadt,310,1,Ja,7,4,1,6,2,3,8,9,5,6,6,5,5,5,4,4,4,5,6,6,6,4,3,3,5,6,5,6,5,5,5,5,5,6,5,6,5,5,5,5,5,5,5,6,4,4,6,4,5,3,5,4,4,5,5,4,4,4,3,3,4,4,5,5,5,4,2,3,5,5,5,5,3,Plakate in der Stadt, Artikel/Beiträge auf Instagram,709,FALSE,7,1.86363636363636,0.864616085676039,87,0.0590684554993726,87,0.0590684554993726,28.3460309680459,FALSE
R_5yFKyaceLWAX8TD,100,949,1,49,männlich,(Fach-)Abitur,1,Stadt,45,1,Ja,9,5,4,3,2,1,7,8,6,3,4,3,5,3,3,2,2,5,5,5,5,4,4,2,2,6,5,5,4,5,5,5,5,5,3,4,5,5,4,5,5,5,5,5,5,5,5,5,5,3,5,5,5,5,3,5,3,5,5,3,5,5,4,3,3,3,3,2,3,3,3,3,3,Radio, Fernsehnachrichten,949,FALSE,10,2.15789473684211,1.07805153956164,87,0.15391516107688,87,0.15391516107688,45.0415325988022,FALSE
R_61jnWBoJ2vmgRKX,100,632,1,27,männlich,(Fach-)Hochschulabschluss,1,Stadt,23710,1,Ja,7,1,4,2,3,8,9,6,5,4,2,2,2,4,4,3,2,5,5,5,5,4,4,4,4,6,6,6,6,6,6,6,6,6,6,6,6,6,6,5,6,6,6,6,6,6,6,3,6,5,5,5,5,5,5,5,4,5,5,5,5,5,5,5,5,5,4,5,5,5,5,5,3,Artikel auf Websites von Zeitungen oder Zeitschriften, Plakate in der Stadt, Artikel auf Websites von Radio- oder Fernsehsendern, Artikel/Beiträge auf Instagram,632,FALSE,14,3.15384615384615,1.35069990889999,87,0.493347534652879,87,0.493347534652879,33.6110435236653,FALSE
R_69aYKuB0F8mcwiU,100,621,1,37,männlich,(Fach-)Hochschulabschluss,1,Stadt,234,1,Ja,7,2,4,5,6,3,9,8,1,6,6,6,6,5,5,4,5,5,6,6,6,5,5,5,5,6,6,6,5,6,6,6,6,5,6,6,6,5,5,5,6,5,6,6,6,6,6,6,6,7,5,5,5,5,5,5,3,5,5,5,5,5,5,5,5,5,1,5,5,5,5,5,5,Artikel auf Websites von Zeitungen oder Zeitschriften, Plakate in der Stadt, Radio,621,FALSE,7,2.5625,0.581209839944904,87,0.121301419816954,87,0.121301419816954,32.0389094791848,FALSE
R_6EcHXktSzj50mVz,100,618,1,28,männlich,(Fach-)Abitur,1,Stadt,234591011,1,Nein,8,2,3,4,1,5,9,7,6,6,5,5,6,4,3,2,4,5,5,5,5,2,2,3,4,6,6,6,5,5,5,5,5,5,5,6,6,6,5,5,6,5,6,6,6,6,6,6,6,7,5,5,4,4,3,5,3,4,4,5,5,5,5,5,4,4,2,4,5,5,4,5,4,Artikel auf Websites von Zeitungen oder Zeitschriften, Plakate in der Stadt, Radio, Fernsehnachrichten, Artikel/Beiträge auf Facebook, Artikel/Beiträge auf Instagram, Artikel/Beiträge auf anderen sozialen Medien,618,FALSE,7,2.15789473684211,1.20314628188336,87,0.384662725992443,87,0.384662725992443,29.791759316975,FALSE
R_6IQ1gpGEAuB5hGW,100,506,1,37,weiblich,(Fach-)Hochschulabschluss,1,Stadtrand,28,2,Nein,2,3,1,9,5,4,8,7,6,4,4,5,5,6,4,4,4,6,6,6,6,4,6,4,5,5,5,5,5,6,6,6,6,5,5,5,6,6,5,6,6,6,6,6,6,6,6,4,5,6,5,5,4,2,2,5,4,3,5,4,3,5,4,4,5,4,4,4,4,4,5,3,4,Artikel auf Websites von Zeitungen oder Zeitschriften, Artikel auf Websites anderer Anbieter,506,FALSE,8,2.41176470588235,0.78863883971828,87,0.34964413663355,87,0.34964413663355,23.3312225534472,FALSE
R_6ociwmI2LHk7FnW,100,514,1,24,männlich,(Fach-)Hochschulabschluss,1,Stadt,3410,1,Ja,9,1,5,7,4,3,8,6,2,6,4,5,5,5,5,3,3,6,6,5,6,6,6,3,4,6,5,6,3,6,6,6,5,5,6,6,3,4,3,5,6,6,6,6,5,6,6,4,6,5,5,4,4,5,4,4,5,2,4,3,4,4,5,5,5,2,1,4,3,4,4,5,2,Plakate in der Stadt, Radio, Artikel/Beiträge auf Instagram,514,FALSE,4,1.57692307692308,1.09098299823555,87,0.134014845983463,87,0.134014845983463,48.7118572151862,FALSE
R_6oYrxzmEOXDsj2u,100,534,1,23,männlich,(Fach-)Abitur,1,Stadt,10,2,Nein,1,3,2,6,4,7,8,9,5,4,4,4,4,3,2,2,2,5,5,6,5,4,4,3,4,6,6,6,6,6,6,6,6,6,6,6,6,6,6,2,5,3,6,6,6,6,6,6,6,7,3,5,5,5,5,5,5,3,3,5,5,3,5,5,5,3,1,1,5,3,5,5,5,Artikel/Beiträge auf Instagram,534,FALSE,14,2.73333333333333,1.42281068449124,87,0.814516803327756,87,0.814516803327756,38.4428810486483,FALSE
R_6Pd6A4ENmzMp4Hz,100,460,1,28,männlich,(Fach-)Hochschulabschluss,1,Stadt,2347,1,Nein,4,5,1,7,3,6,9,8,2,6,6,6,6,6,6,4,3,5,6,5,6,5,5,5,5,6,6,6,6,6,6,6,6,6,6,6,6,6,6,4,4,5,6,6,6,6,6,6,6,5,3,5,3,5,5,5,5,4,5,5,5,5,5,3,5,3,1,3,4,5,4,4,3,Artikel auf Websites von Zeitungen oder Zeitschriften, Plakate in der Stadt, Radio, Artikel auf Websites von Radio- oder Fernsehsendern,460,FALSE,14,3.15384615384615,0.740797197487192,87,0.634599946664501,87,0.634599946664501,28.0367390656443,FALSE
R_6rrc1Zc19TtdXVV,100,683,1,22,weiblich,(Fach-)Hochschulabschluss,1,Stadt,238911,1,Ja,8,2,6,9,5,4,3,7,1,6,6,4,5,6,4,5,3,3,6,6,6,4,3,3,5,1,1,1,1,6,6,4,6,5,5,5,4,4,4,5,4,3,6,6,3,5,5,4,4,7,1,4,1,1,1,1,1,1,1,3,4,3,3,5,4,1,3,3,1,3,1,1,1,Artikel auf Websites von Zeitungen oder Zeitschriften, Plakate in der Stadt, Artikel auf Websites anderer Anbieter, Artikel/Beiträge auf Facebook, Artikel/Beiträge auf anderen sozialen Medien,683,FALSE,4,1.64,1.56329857641603,87,0.20002156396318,87,0.20002156396318,59.7240509527372,FALSE
R_6UhzZFsIZXBoBvN,100,24344,1,42,männlich,(Fach-)Hochschulabschluss,1,Stadt,235,1,Nein,5,4,1,7,9,2,6,8,3,6,5,5,6,2,1,1,1,4,2,3,3,5,5,5,5,5,5,4,2,5,5,5,5,5,5,5,5,5,5,5,5,5,5,4,5,5,5,2,2,3,5,5,5,4,5,4,4,3,4,3,5,4,4,5,4,4,3,4,4,4,5,4,3,Artikel auf Websites von Zeitungen oder Zeitschriften, Plakate in der Stadt, Fernsehnachrichten,24344,FALSE,14,2.5625,1.43007760321582,87,0.316431031781339,87,0.316431031781339,49.4091877782242,FALSE
R_6YU6UTn2lOrebkZ,100,625,1,21,weiblich,(Fach-)Abitur,1,Stadt,2,1,Ja,9,3,4,7,2,8,6,5,1,1,1,1,1,5,4,2,5,6,5,4,6,5,5,2,3,4,5,4,3,5,5,4,4,3,2,2,4,3,3,3,4,3,5,5,3,3,4,2,2,2,5,4,4,3,3,4,3,4,3,1,3,3,3,3,4,3,2,3,4,3,2,3,2,Artikel auf Websites von Zeitungen oder Zeitschriften,625,FALSE,4,1.46428571428571,1.41636773507999,87,0.487779626609433,87,0.487779626609433,48.8372266741022,FALSE
R_70S4TiTmthsmMw7,100,725,1,35,weiblich,(Fach-)Abitur,1,Stadt,2310,1,Ja,8,3,2,9,1,6,7,5,4,6,1,6,6,5,4,2,1,3,5,5,6,5,5,4,4,6,6,6,4,6,6,6,6,6,6,6,6,6,6,2,3,3,6,6,6,4,6,6,6,6,5,5,5,5,5,5,5,5,4,5,5,5,5,5,5,5,3,2,5,5,5,5,5,Artikel auf Websites von Zeitungen oder Zeitschriften, Plakate in der Stadt, Artikel/Beiträge auf Instagram,725,FALSE,10,2.05,1.50810816717583,87,0.506544007484025,87,0.506544007484025,51.435029256138,FALSE
R_717BOguEoAmmZX7,100,384,1,26,weiblich,(Fach-)Hochschulabschluss,1,Stadt,27810,1,Ja,9,3,2,4,1,8,7,6,5,5,5,5,5,6,1,6,6,6,6,6,6,4,4,4,5,5,5,6,6,5,5,5,5,6,6,6,5,5,5,5,4,4,6,5,5,4,5,6,6,6,5,5,5,4,4,5,4,4,4,4,5,5,4,5,5,5,2,4,4,5,4,5,5,Artikel auf Websites von Zeitungen oder Zeitschriften, Artikel auf Websites von Radio- oder Fernsehsendern, Artikel auf Websites anderer Anbieter, Artikel/Beiträge auf Instagram,384,FALSE,6,2.5625,0.963352884714529,87,0.25823576868639,87,0.25823576868639,52.0300768508517,FALSE
R_7eY2a72IpRfph1T,100,918,1,20,männlich,(Fach-)Abitur,1,Stadt,235710,2,Nein,9,3,1,5,2,4,8,7,6,6,5,5,5,5,5,3,3,5,5,6,5,4,5,2,4,6,5,5,5,5,5,5,5,5,5,5,5,5,5,4,5,5,5,6,5,6,6,5,5,5,5,5,5,3,3,3,3,4,3,5,4,5,5,5,5,3,2,4,3,4,5,4,5,Artikel auf Websites von Zeitungen oder Zeitschriften, Plakate in der Stadt, Fernsehnachrichten, Artikel auf Websites von Radio- oder Fernsehsendern, Artikel/Beiträge auf Instagram,918,FALSE,13,2.27777777777778,0.800152424503622,87,0.188681879248708,87,0.188681879248708,22.0248852550386,FALSE
R_7FDhCiCSNyifn5P,100,3029,1,24,weiblich,Realschulabschluss (Mittlere Reife),1,Stadt,1011,1,Nein,7,4,5,9,3,2,8,6,1,4,5,5,6,5,4,2,2,4,2,4,3,3,5,4,3,4,4,3,3,4,5,5,5,3,2,3,4,4,4,5,5,5,5,5,5,5,4,4,4,5,3,4,4,4,4,4,4,4,4,1,5,1,4,5,3,3,3,5,3,5,4,3,3,Artikel/Beiträge auf Instagram, Artikel/Beiträge auf anderen sozialen Medien,3029,FALSE,7,1.70833333333333,1.02350426262413,87,0.355494709334387,87,0.355494709334387,41.482575333834,FALSE
R_7g0U1TnXED8jerY,100,750,1,24,männlich,(Fach-)Hochschulabschluss,1,Stadt,45,1,Nein,7,1,3,5,2,4,9,8,6,5,5,5,4,5,5,5,6,5,4,4,4,3,4,4,3,6,6,5,4,4,5,4,5,5,5,6,6,5,4,5,6,6,6,5,5,3,6,6,6,7,5,5,4,4,2,2,4,2,5,4,2,3,3,2,3,2,2,4,5,5,4,5,5,Radio, Fernsehnachrichten,750,FALSE,3,1.70833333333333,0.958911985075769,87,0.204707240811163,87,0.204707240811163,45.8607163104884,FALSE
R_7gzpc9nyAysO8b6,100,1124,1,61,weiblich,(Fach-)Abitur,1,Stadtrand,14,1,Ja,3,9,8,4,2,1,6,7,5,5,5,4,5,5,5,5,4,5,5,5,5,2,5,5,5,5,4,5,4,5,5,5,5,4,4,4,6,6,6,4,5,5,5,4,5,4,5,5,5,3,5,5,5,5,4,4,4,4,4,4,4,4,4,5,5,4,1,4,5,4,3,3,3,Gedruckte Zeitungen/Zeitschriften, Radio,1124,FALSE,4,2.05,0.749796720419088,87,0.174932151547194,87,0.174932151547194,29.1736215846142,FALSE
R_7hTLHlo5QXarm13,100,602,1,20,weiblich,(Fach-)Abitur,1,Stadt,28,1,Ja,9,2,1,6,3,5,8,7,4,6,6,3,6,6,5,5,5,6,6,6,6,2,5,3,5,5,5,5,5,6,6,6,6,5,5,5,3,4,3,5,4,5,5,6,6,4,4,3,5,5,4,4,4,4,2,2,2,1,2,1,5,5,2,5,5,4,1,4,2,2,4,4,5,Artikel auf Websites von Zeitungen oder Zeitschriften, Artikel auf Websites anderer Anbieter,602,FALSE,5,1.95238095238095,1.08143987124664,87,0.404684144489866,87,0.404684144489866,45.0198063932173,FALSE
R_7jYPtOVGyOHKDCN,100,650,1,28,männlich,(Fach-)Hochschulabschluss,1,Stadt,123910,1,Nein,7,3,2,1,4,5,9,8,6,6,6,5,6,6,6,4,4,6,5,6,6,6,6,5,5,5,5,5,3,6,4,5,5,4,5,3,5,6,4,2,3,2,6,6,5,4,5,4,4,3,4,5,5,4,2,2,4,3,4,4,5,5,5,5,5,2,2,2,5,5,4,5,4,Gedruckte Zeitungen/Zeitschriften, Artikel auf Websites von Zeitungen oder Zeitschriften, Plakate in der Stadt, Artikel/Beiträge auf Facebook, Artikel/Beiträge auf Instagram,650,FALSE,5,1.51851851851852,1.16660859321201,87,0.384198565610607,87,0.384198565610607,54.6585314509932,FALSE
R_7k65IzJtuXs5osx,100,426,1,32,weiblich,(Fach-)Hochschulabschluss,1,Nicht in der Städteregion Aachen,2345,1,Ja,9,4,1,6,3,2,7,8,5,3,1,2,1,6,6,6,6,6,6,6,6,5,5,5,4,4,5,5,5,5,5,5,5,4,4,4,4,4,4,3,4,4,6,6,6,6,6,5,5,6,4,4,3,4,4,4,2,4,3,3,3,4,3,5,4,2,4,4,2,2,2,3,3,Artikel auf Websites von Zeitungen oder Zeitschriften, Plakate in der Stadt, Radio, Fernsehnachrichten,426,FALSE,8,2.92857142857143,1.32333650754263,87,0.60144872684104,87,0.60144872684104,34.9142359387402,FALSE
R_84vmtfpOCoYwvmj,100,3000,1,26,männlich,(Fach-)Abitur,1,Stadt,237810,1,Ja,7,2,3,9,1,5,8,6,4,5,5,5,5,5,4,4,5,4,4,3,4,5,5,5,5,2,2,3,1,5,5,5,5,2,3,3,3,4,4,2,3,4,5,5,5,5,2,2,2,2,3,2,2,1,1,3,1,2,2,2,1,3,3,4,5,3,2,2,1,2,3,1,3,Artikel auf Websites von Zeitungen oder Zeitschriften, Plakate in der Stadt, Artikel auf Websites von Radio- oder Fernsehsendern, Artikel auf Websites anderer Anbieter, Artikel/Beiträge auf Instagram,3000,FALSE,5,2.15789473684211,1.26298137405882,87,0.713379216785903,87,0.713379216785903,39.3501126297631,FALSE
R_85Xy57ToBScCdof,100,546,1,25,männlich,(Fach-)Hochschulabschluss,1,Stadtrand,1310,1,Ja,9,1,4,6,2,3,7,8,5,3,6,3,4,3,2,2,1,2,3,4,2,5,4,4,5,4,4,4,4,5,5,5,5,5,5,5,5,5,5,5,5,5,5,5,5,5,1,1,1,1,5,5,4,1,1,1,4,1,2,4,4,4,4,4,4,5,1,5,4,1,5,4,5,Gedruckte Zeitungen/Zeitschriften, Plakate in der Stadt, Artikel/Beiträge auf Instagram,546,FALSE,17,2.41176470588235,1.47582139179774,87,0.267641593112925,87,0.267641593112925,50.3472038336892,FALSE
R_8ffW4jyjUAQOu37,100,772,1,51,männlich,(Fach-)Hochschulabschluss,1,Stadt,348911,1,Ja,9,5,1,6,2,3,8,7,4,6,6,6,2,5,4,4,4,5,5,5,5,4,5,4,4,4,4,5,4,6,6,6,6,5,4,4,4,4,4,2,3,2,4,6,4,6,4,4,4,5,5,4,5,4,4,5,4,5,4,5,5,4,5,5,5,4,2,2,4,5,2,5,3,Plakate in der Stadt, Radio, Artikel auf Websites anderer Anbieter, Artikel/Beiträge auf Facebook, Artikel/Beiträge auf anderen sozialen Medien,772,FALSE,5,1.86363636363636,1.09822473154433,87,0.469873420116665,87,0.469873420116665,46.7623956160134,FALSE
R_8frwuW8AwBhTXD4,100,444,1,36,weiblich,(Fach-)Hochschulabschluss,1,Nicht in der Städteregion Aachen,24910,1,Ja,9,5,2,8,4,3,6,7,1,2,2,2,2,5,5,5,5,5,5,5,5,4,6,5,5,5,5,5,4,5,5,5,4,5,5,5,5,4,4,5,5,5,5,5,5,5,2,2,2,2,2,4,4,4,4,4,4,4,4,5,4,5,4,5,5,4,2,4,4,4,2,3,4,Artikel auf Websites von Zeitungen oder Zeitschriften, Radio, Artikel/Beiträge auf Facebook, Artikel/Beiträge auf Instagram,444,FALSE,8,3.41666666666667,1.21323996781848,87,0.396490842531265,87,0.396490842531265,40.5198729445558,FALSE
R_8lkyyEVzYmHtH9v,100,1056,1,31,weiblich,(Fach-)Abitur,1,Stadt,3910,1,Nein,4,1,2,9,8,5,6,7,3,5,5,4,5,5,4,3,3,6,6,6,6,4,5,4,2,3,1,2,1,5,5,5,5,2,2,4,3,3,3,2,2,2,6,6,6,3,3,2,2,2,4,3,4,3,3,3,3,3,2,3,4,4,4,4,3,3,3,1,2,3,3,1,3,Plakate in der Stadt, Artikel/Beiträge auf Facebook, Artikel/Beiträge auf Instagram,1056,FALSE,4,1.86363636363636,1.58152442668304,87,0.72979702396228,87,0.72979702396228,54.7913930316349,FALSE
R_8Lps9q0ZwsJnRLP,100,541,1,31,weiblich,(Fach-)Hochschulabschluss,1,Stadt,211,2,Nein,2,1,3,9,5,4,7,8,6,5,5,5,5,3,3,1,1,4,5,4,5,3,5,3,4,1,1,1,1,5,5,3,3,1,1,1,4,4,4,3,3,3,6,6,4,5,1,1,1,1,1,3,4,1,2,3,2,3,5,5,3,2,3,5,3,1,1,3,1,3,3,1,1,Artikel auf Websites von Zeitungen oder Zeitschriften, Artikel/Beiträge auf anderen sozialen Medien,541,FALSE,4,1.95238095238095,1.70150578935821,87,0.804032956528975,87,0.804032956528975,39.424336337092,FALSE
R_8LvrBAs5arv2EoX,100,640,1,26,weiblich,(Fach-)Hochschulabschluss,1,Stadt,310,2,Nein,1,2,3,7,4,6,9,8,5,6,5,4,4,4,4,3,3,5,5,6,5,5,5,5,5,6,6,6,5,5,5,5,5,5,5,6,5,5,5,5,5,5,5,5,5,4,6,6,6,7,5,5,5,5,4,5,5,4,4,4,5,5,5,5,5,5,2,3,5,5,5,5,4,Plakate in der Stadt, Artikel/Beiträge auf Instagram,640,FALSE,9,2.92857142857143,0.804711734479966,87,0.432501074879869,87,0.432501074879869,24.3407659563221,FALSE
R_8mkCkW11JV6Whh4,100,1508,1,56,männlich,(Fach-)Abitur,1,Land,25810,1,Ja,9,3,2,1,5,4,8,7,6,5,5,3,4,5,4,2,2,5,5,5,5,5,4,4,4,5,5,5,2,5,5,5,5,5,5,5,5,4,3,3,4,4,5,5,5,5,5,4,4,2,5,5,5,3,3,4,3,2,4,4,5,5,5,5,5,5,2,2,5,5,3,4,4,Artikel auf Websites von Zeitungen oder Zeitschriften, Fernsehnachrichten, Artikel auf Websites anderer Anbieter, Artikel/Beiträge auf Instagram,1508,FALSE,8,2.41176470588235,0.985875864149333,87,0.119044202998061,87,0.119044202998061,41.5492687356665,FALSE
R_8nsA6NVe0K3XPS9,100,782,1,25,weiblich,(Fach-)Abitur,1,Stadt,10,2,Nein,7,2,1,6,5,3,9,8,4,6,2,3,5,5,3,1,3,5,4,6,5,2,1,2,6,4,1,3,1,5,4,4,6,1,1,1,4,3,3,3,2,2,5,5,4,5,1,2,1,2,3,4,4,3,3,4,2,3,3,3,3,4,2,5,2,1,2,2,2,4,3,2,4,Artikel/Beiträge auf Instagram,782,FALSE,3,1.24242424242424,1.69576229351214,87,0.581555765210828,87,0.581555765210828,54.5392627077643,FALSE
R_8P561XRGezguzMB,100,972,1,27,weiblich,(Fach-)Abitur,1,Stadt,31011,1,Ja,9,1,3,6,2,7,5,8,4,2,2,1,2,6,6,6,3,6,6,6,6,5,5,5,5,1,2,2,2,5,4,3,4,1,1,4,3,2,2,4,4,2,5,5,5,5,2,2,2,1,4,3,4,4,4,4,2,3,4,4,4,4,4,5,4,3,2,3,1,2,3,1,1,Plakate in der Stadt, Artikel/Beiträge auf Instagram, Artikel/Beiträge auf anderen sozialen Medien,972,FALSE,4,1.86363636363636,1.76206641440681,87,0.703932450791922,87,0.703932450791922,53.78127768136,FALSE
R_8QH40cSUAoO9yR5,100,357,1,29,männlich,(Fach-)Hochschulabschluss,1,Stadt,3911,1,Nein,5,4,3,7,2,1,9,8,6,6,6,5,6,4,4,2,3,6,5,5,5,5,5,4,5,3,4,4,2,4,3,4,3,4,4,4,4,4,4,4,4,4,4,4,4,4,4,4,4,4,3,3,3,3,3,3,3,3,3,3,3,3,3,3,3,3,3,3,3,3,3,3,3,Plakate in der Stadt, Artikel/Beiträge auf Facebook, Artikel/Beiträge auf anderen sozialen Medien,357,FALSE,17,2.27777777777778,0.919305145868069,87,0.500160384747083,87,0.500160384747083,45.9501450107757,FALSE
R_8v8NRXJ08iNX0lS,100,555,1,23,weiblich,(Fach-)Abitur,1,Stadt,237810,1,Nein,5,2,1,7,4,6,9,8,3,5,4,2,3,5,6,5,4,5,5,6,6,6,6,4,5,5,5,5,5,6,6,6,5,5,5,5,4,5,4,5,5,6,6,5,5,5,6,5,5,5,5,5,4,4,4,4,5,3,4,3,4,5,5,5,5,4,2,5,5,5,4,4,3,Artikel auf Websites von Zeitungen oder Zeitschriften, Plakate in der Stadt, Artikel auf Websites von Radio- oder Fernsehsendern, Artikel auf Websites anderer Anbieter, Artikel/Beiträge auf Instagram,555,FALSE,5,1.86363636363636,0.851111181868996,87,0.342999331976636,87,0.342999331976636,34.9737160502028,FALSE
