"","ResponseId","Progress","Duration (in seconds)","participation","age","gender","education","livesinaachen","region","media channels","license","own_vehicle","preferences_mobility_1","preferences_mobility_2","preferences_mobility_3","preferences_mobility_4","preferences_mobility_5","preferences_mobility_6","preferences_mobility_7","preferences_mobility_8","preferences_mobility_9","driving_climate_1","driving_climate_2_n","driving_climate_3","driving_climate_4_n","technology_curios","technology_favor","technology_new","technology_moreoften","technology_scared_n","technology_overload_n","technology_destroy_n","technology_complex_n","technology_succesful","technology_me","technology_solution","technology_happening","utaut_performance1","utaut_performance2","utaut_performance3","utaut_performance 4","utaut_effort1","utaut_effort2","utaut_effort3","utaut_effort4","utaut_social1","utaut_social2","utaut_social3","utaut_hedonic1","utaut_hedonic2","utaut_hedonic3","utaut_pricevalue1","utaut_pricevalue2","utaut_pricevalue3","utaut_fascilitating1","utaut_fascilitating2","utaut_fascilitating3","utaut_fascilitating4","utaut_behavioral1","utaut_behavioral2","utaut_behavioral3","utaut_useintention","Sem_Diff_Ziefle_1","Sem_Diff_Ziefle_2","Sem_Diff_Ziefle_3","Sem_Diff_Ziefle_4","Sem_Diff_Ziefle_5","Sem_Diff_Ziefle_6","Sem_Diff_Ziefle_7","Sem_Diff_Ziefle_8","Sem_Diff_Ziefle_9","Sem_Diff_Ziefle_10","Sem_Diff_Ziefle_11","Sem_Diff_Ziefle_12","Sem_Diff_Ziefle_13","Sem_Diff_Ziefle_14","Sem_Diff_Ziefle_15","Sem_Diff_Ziefle_16","Sem_Diff_Ziefle_17","Sem_Diff_Ziefle_18","Sem_Diff_Ziefle_19","Sem_Diff_Ziefle_20","Sem_Diff_Ziefle_21","Sem_Diff_Ziefle_22","Sem_Diff_Ziefle_23","translated_media_channels","careless_speed","speeder_flag","careless_longstr","careless_avgstr","careless_irv","careless_psychsyn_pairs","careless_psychsyn","careless_psychant_pairs","careless_psychant","careless_mahadD","careless_mahadflag","Driving_Climate","Techchnology_Commitment","Performance_Expectancy","Effort_Expectancy","Social_Influence","Facilitating_Conditions","Hedonic_Motivation","Price_Value","Behavioral_Intention","Use_Intention","Sem_Diff","Sem_Diff_Sicherheit","Sem_Diff_Zuverlässigkeit","education_numeric","generation"
"1","R_12lnzZyviyJurXH",100,561,1,18,"männlich","(Fach-)Abitur",1,"Stadt",25,2,"Nein","8","2","4","7","5","3","9","6","1",5,4,2,4,5,5,3,2,6,6,6,5,5,5,3,4,5,2,4,2,2,2,2,2,4,4,4,4,4,4,5,4,3,5,5,2,5,3,3,4,3,2,4,1,2,3,3,2,2,4,4,3,4,4,5,4,3,1,3,2,4,1,2,2,"Artikel auf Websites von Zeitungen oder Zeitschriften, Fernsehnachrichten",561,FALSE,6,1.64,1.26298137405882,77,0.44483810838746,2,NA,54.675811136503,FALSE,3.75,4.58333333333333,3.25,2,4,4.25,4,4,3.33333333333333,3,2.82608695652174,2.4,3,4,"Gen Z"
"2","R_18VXJzSJf26ZFXr",100,801,1,22,"weiblich","(Fach-)Abitur",1,"Stadtrand",21011,1,"Ja","6","1","5","9","2","4","7","8","3",5,3,3,4,6,6,2,2,6,6,5,5,5,5,3,5,5,3,5,5,1,3,2,2,5,5,5,4,4,4,4,4,4,4,2,5,5,5,3,4,5,5,4,4,4,3,2,3,3,4,3,4,4,4,5,5,4,1,2,5,4,4,4,3,"Artikel auf Websites von Zeitungen oder Zeitschriften, Artikel/Beiträge auf Instagram, Artikel/Beiträge auf anderen sozialen Medien",801,FALSE,7,1.95238095238095,1.28831521669232,77,0.478224702454596,2,NA,60.5944086836389,FALSE,3.75,4.66666666666667,4.5,2,5,4,4,4,4,5,3.65217391304348,3,3.75,4,"Gen Z"
"3","R_1c0AwQsM8UBHFPE",100,3603,1,59,"männlich","(Fach-)Hochschulabschluss",1,"Stadt",238,1,"Ja","8","4","2","9","1","3","6","7","5",6,5,5,6,4,4,2,2,5,5,5,6,4,5,4,4,5,3,5,2,2,2,2,2,3,2,5,5,5,2,3,5,5,5,5,4,5,5,2,3,2,5,5,5,5,2,2,4,1,3,4,5,5,5,5,5,5,1,3,5,5,5,5,3,"Artikel auf Websites von Zeitungen oder Zeitschriften, Plakate in der Stadt, Artikel auf Websites anderer Anbieter",3603,FALSE,5,1.64,1.38546461344993,77,0.232247960706399,2,NA,52.8827951803877,FALSE,5.5,4.16666666666667,3.75,2,3.33333333333333,4.75,4,4.33333333333333,3.33333333333333,2,4.04347826086957,2.8,4.5,5,"Babyboomer"
"4","R_1CKqYIS00v4uj6R",100,551,1,29,"weiblich","(Fach-)Hochschulabschluss",1,"Stadt",23410,1,"Ja","7","5","2","4","1","6","9","8","3",5,4,5,5,6,5,4,3,5,5,6,6,5,5,5,5,4,4,4,4,1,1,1,1,5,4,5,6,6,6,4,4,4,5,5,5,5,5,3,5,3,4,5,4,4,4,4,4,5,4,4,2,4,5,5,4,4,2,4,4,4,4,4,4,"Artikel auf Websites von Zeitungen oder Zeitschriften, Plakate in der Stadt, Radio, Artikel/Beiträge auf Instagram",551,FALSE,5,1.95238095238095,1.37397411840572,77,0.713044666868918,2,NA,23.958667353568,FALSE,4.75,5,4,1,4.66666666666667,5,6,4,4.33333333333333,3,4,4.2,4.25,5,"Millennials"
"5","R_1CkRzuBFu8Su66L",100,490,1,35,"weiblich","(Fach-)Hochschulabschluss",1,"Stadtrand",237910,1,"Ja","8","9","4","5","3","2","7","1","6",5,4,4,5,6,6,6,6,6,6,6,6,6,6,5,5,5,5,5,4,1,1,1,1,5,5,5,4,4,4,4,5,5,6,6,6,6,5,4,4,5,5,4,4,4,4,4,4,4,5,3,4,4,5,5,5,5,2,4,4,4,4,4,3,"Artikel auf Websites von Zeitungen oder Zeitschriften, Plakate in der Stadt, Artikel auf Websites von Radio- oder Fernsehsendern, Artikel/Beiträge auf Facebook, Artikel/Beiträge auf Instagram",490,FALSE,10,2.92857142857143,1.44955838523156,77,0.855119865391791,2,NA,15.4682058856345,FALSE,4.5,5.83333333333333,4.75,1,5,6,4,4.66666666666667,4.33333333333333,5,4.08695652173913,4,4,5,"Millennials"
"6","R_1EAJJRWEU1HeBmz",100,605,1,41,"weiblich","(Fach-)Hochschulabschluss",1,"Stadt",2378,1,"Nein","6","2","1","9","3","5","7","8","4",6,6,6,5,6,6,6,6,6,6,6,6,3,5,1,3,4,5,4,4,1,1,1,1,4,4,4,6,6,6,4,4,4,6,6,6,6,4,4,4,3,5,5,3,4,3,3,3,4,3,3,3,3,5,5,5,3,1,3,3,3,3,3,3,"Artikel auf Websites von Zeitungen oder Zeitschriften, Plakate in der Stadt, Artikel auf Websites von Radio- oder Fernsehsendern, Artikel auf Websites anderer Anbieter",605,FALSE,8,2.41176470588235,1.67514105703836,77,0.811075001109602,2,NA,26.6364306877112,FALSE,5.75,5,4.25,1,4,6,6,4,4,3,3.43478260869565,3.4,3.5,5,"Gen X"
"7","R_1O0ICWzr7fpV6jf",100,521,1,28,"weiblich","(Fach-)Hochschulabschluss",1,"Stadt",23457891011,1,"Ja","7","3","2","5","8","9","6","4","1",6,5,5,6,6,6,5,6,6,6,6,6,5,5,5,5,6,6,6,5,1,1,1,1,4,4,6,5,4,4,2,2,2,3,6,6,5,5,4,5,5,4,4,3,4,4,4,4,5,4,5,5,5,4,5,4,3,2,2,4,4,4,4,4,"Artikel auf Websites von Zeitungen oder Zeitschriften, Plakate in der Stadt, Radio, Fernsehnachrichten, Artikel auf Websites von Radio- oder Fernsehsendern, Artikel auf Websites anderer Anbieter, Artikel/Beiträge auf Facebook, Artikel/Beiträge auf Instagram, Artikel/Beiträge auf anderen sozialen Medien",521,FALSE,5,2.15789473684211,1.64279654486028,77,0.767457482009161,2,NA,27.4032701443387,FALSE,5.5,5.58333333333333,5.75,1,4.66666666666667,5,4.33333333333333,2,4.66666666666667,5,3.95652173913043,4.2,4.25,5,"Millennials"
"8","R_1PMmx8ALspMmBmb",100,14984,1,52,"weiblich","(Fach-)Hochschulabschluss",1,"Land",124591011,1,"Ja","9","1","4","8","3","2","5","7","6",4,3,2,3,5,4,4,3,4,3,5,4,3,3,2,3,3,3,2,1,2,2,2,1,4,2,6,5,4,6,3,1,2,4,3,4,2,3,1,2,1,4,2,3,2,1,1,2,2,3,2,4,2,4,5,4,2,1,2,3,4,1,2,1,"Gedruckte Zeitungen/Zeitschriften, Artikel auf Websites von Zeitungen oder Zeitschriften, Radio, Fernsehnachrichten, Artikel/Beiträge auf Facebook, Artikel/Beiträge auf Instagram, Artikel/Beiträge auf anderen sozialen Medien",14984,FALSE,3,1.17142857142857,1.31316040296014,77,0.324764793771071,2,NA,61.6656285391463,FALSE,3,3.58333333333333,2.25,1.75,4,3.25,5,2,2,1,2.47826086956522,1.6,2.25,5,"Gen X"
"9","R_1PZbbMdfRPn6R0q",100,641,1,26,"weiblich","(Fach-)Hochschulabschluss",1,"Stadt",12349,1,"Ja","9","2","4","5","1","8","6","7","3",3,2,2,2,6,6,5,4,6,6,6,6,3,3,3,3,2,2,3,2,1,1,1,1,2,2,3,5,5,5,5,5,5,6,6,5,5,2,2,2,2,3,4,4,4,4,4,4,4,4,4,4,4,4,4,4,4,3,4,4,3,4,4,4,"Gedruckte Zeitungen/Zeitschriften, Artikel auf Websites von Zeitungen oder Zeitschriften, Plakate in der Stadt, Radio, Artikel/Beiträge auf Facebook",641,FALSE,6,2.41176470588235,1.76137418636423,77,0.795755626689438,2,NA,30.9217155188712,FALSE,2.25,4.75,2.25,1,2.33333333333333,5.5,5,5,2,2,3.8695652173913,4,4,5,"Millennials"
"10","R_1rvJTxh29UQYIr7",100,328,1,28,"männlich","(Fach-)Hochschulabschluss",1,"Stadt",10,1,"Ja","8","2","1","4","3","7","9","6","5",6,6,5,4,5,5,4,3,5,5,5,5,5,5,6,6,5,5,6,3,3,3,4,3,5,5,5,5,5,6,5,4,5,5,4,5,5,5,4,5,5,5,4,5,1,2,2,4,4,3,5,5,5,4,5,5,5,2,4,5,5,5,5,5,"Artikel/Beiträge auf Instagram",328,FALSE,6,1.86363636363636,0.859665278026222,77,0.251983552165183,2,NA,42.3927255995873,FALSE,5.25,4.91666666666667,4.75,3.25,5,4.75,5.33333333333333,4.66666666666667,4.66666666666667,5,4.1304347826087,2.6,4.75,5,"Millennials"
"11","R_1YNSJeySTbFbo6l",100,890,1,55,"männlich","(Fach-)Hochschulabschluss",1,"Stadt",23457,1,"Ja","7","1","2","3","9","5","6","8","4",5,6,5,6,4,4,3,4,3,3,3,3,4,3,3,3,5,5,5,4,2,3,3,3,6,6,6,4,6,6,6,6,6,6,5,4,5,6,5,5,5,4,4,5,5,4,2,2,3,3,3,5,5,5,5,5,4,5,5,5,5,5,5,3,"Artikel auf Websites von Zeitungen oder Zeitschriften, Plakate in der Stadt, Radio, Fernsehnachrichten, Artikel auf Websites von Radio- oder Fernsehsendern",890,FALSE,6,1.86363636363636,1.24743639556316,77,0.690483490347689,2,NA,41.493071917994,FALSE,5.5,3.33333333333333,4.75,2.75,6,5,5.33333333333333,6,5.33333333333333,5,4.21739130434783,3.2,4.5,5,"Gen X"
"12","R_21nC3qzZO1yi6a5",100,5324,1,25,"männlich","(Fach-)Hochschulabschluss",1,"Stadtrand",37810,1,"Ja","9","2","3","5","1","4","8","7","6",6,6,6,6,3,4,4,1,5,6,5,6,4,6,2,5,2,2,2,3,2,3,2,2,3,5,3,4,3,4,5,4,4,4,1,2,3,4,2,4,2,4,5,4,2,2,1,5,2,4,3,4,1,2,5,5,3,2,3,4,5,1,2,1,"Plakate in der Stadt, Artikel auf Websites von Radio- oder Fernsehsendern, Artikel auf Websites anderer Anbieter, Artikel/Beiträge auf Instagram",5324,FALSE,4,1.28125,1.52659352968564,77,0.487478846626717,2,NA,61.5421105995483,FALSE,6,4.25,2.25,2.25,3.66666666666667,2.5,3.66666666666667,4.33333333333333,3.33333333333333,2,3.04347826086956,2.4,1.5,5,"Millennials"
"13","R_21vhmRmkHIH2w4B",100,436,1,27,"männlich","(Fach-)Hochschulabschluss",1,"Nicht in der Städteregion Aachen",2410,1,"Ja","9","3","6","4","1","2","7","8","5",5,6,4,4,4,4,4,4,4,5,5,6,5,5,6,5,6,6,6,4,1,2,2,1,4,4,4,4,4,4,1,2,1,1,6,4,4,6,4,6,5,5,5,5,5,5,5,4,3,1,2,3,4,5,5,5,5,1,1,5,5,2,3,1,"Artikel auf Websites von Zeitungen oder Zeitschriften, Radio, Artikel/Beiträge auf Instagram",436,FALSE,7,1.78260869565217,1.5780506653587,77,0.580076911935476,2,NA,50.7041083807804,FALSE,4.75,4.75,5.5,1.5,4,3.75,4,1.33333333333333,5.33333333333333,5,3.69565217391304,4.4,3.25,5,"Millennials"
"14","R_2313Qa9pQcf486C",100,985,1,18,"männlich","(Fach-)Abitur",1,"Stadt",121011,1,"Nein","8","2","5","4","1","6","7","9","3",5,5,4,5,5,3,2,4,5,5,5,5,3,3,4,4,4,3,4,2,2,3,3,2,5,5,5,2,4,2,5,2,5,5,4,3,6,4,2,3,5,2,4,3,2,3,2,4,1,3,3,3,5,3,5,5,1,1,2,4,4,3,4,4,"Gedruckte Zeitungen/Zeitschriften, Artikel auf Websites von Zeitungen oder Zeitschriften, Artikel/Beiträge auf Instagram, Artikel/Beiträge auf anderen sozialen Medien",985,FALSE,4,1.46428571428571,1.20213225196711,77,0.105170875093031,2,NA,59.1091231493922,FALSE,4.75,4,3.25,2.5,5,4.5,2.66666666666667,4,3,5,3.08695652173913,2.4,4,4,"Gen Z"
"15","R_29MZrC1NRS1R3JD",100,475,1,33,"weiblich","(Fach-)Abitur",1,"Stadt",8,1,"Nein","7","4","1","5","3","2","9","8","6",5,4,3,4,6,5,4,4,6,5,6,6,5,4,3,5,4,4,4,2,2,1,2,2,3,3,3,2,1,1,5,5,5,6,6,4,2,4,4,4,4,4,4,3,2,4,3,3,3,3,3,3,1,3,4,1,2,4,4,1,5,3,4,4,"Artikel auf Websites anderer Anbieter",475,FALSE,4,1.57692307692308,1.47582139179774,77,0.60422933041452,2,NA,37.721593104343,FALSE,4,4.91666666666667,3.5,1.75,3,4.5,1.33333333333333,5,4,4,3.08695652173913,3,3,4,"Millennials"
"16","R_2C4ky8Csa09QGrC",100,464,1,26,"weiblich","(Fach-)Abitur",1,"Stadt",2,2,"Nein","1","2","3","7","4","6","9","8","5",6,6,5,6,6,6,5,5,6,6,6,6,5,6,6,5,1,1,1,1,1,2,2,2,2,1,1,1,1,1,2,3,3,5,5,5,5,1,1,1,1,1,1,3,1,3,3,3,3,3,3,3,3,1,3,4,3,3,3,1,1,1,1,1,"Artikel auf Websites von Zeitungen oder Zeitschriften",464,FALSE,5,2.73333333333333,2.1685107849375,77,0.963216757011783,2,NA,32.5038374785983,FALSE,5.75,5.66666666666667,1,1.75,1.33333333333333,5,1,2.66666666666667,1,1,2.26086956521739,2.6,1.5,4,"Millennials"
"17","R_2CAYTEBEYdq9ZdM",100,987,1,52,"männlich","(Fach-)Hochschulabschluss",1,"Stadtrand",145910,1,"Ja","9","2","1","6","4","3","8","7","5",6,6,5,6,4,2,2,2,3,4,4,3,4,4,4,5,6,6,6,5,2,2,2,2,5,5,5,4,4,4,4,4,5,5,5,5,4,5,3,5,5,5,5,4,4,4,4,2,2,2,4,4,5,4,5,4,4,1,2,5,5,3,5,4,"Gedruckte Zeitungen/Zeitschriften, Radio, Fernsehnachrichten, Artikel/Beiträge auf Facebook, Artikel/Beiträge auf Instagram",987,FALSE,5,2.05,1.28878842707253,77,0.664797925128552,2,NA,26.983356639154,FALSE,5.75,3.41666666666667,5.75,2,5,4.75,4,4.33333333333333,4.33333333333333,5,3.78260869565217,3.2,4.5,5,"Gen X"
"18","R_2dBkD5eiMVnE8Ts",100,1113,1,36,"männlich","(Fach-)Hochschulabschluss",1,"Land",234711,1,"Nein","8","5","1","3","6","2","9","4","7",5,5,3,2,4,4,2,2,3,3,4,3,2,4,2,2,6,6,6,6,1,1,1,1,6,6,6,6,6,6,5,6,6,6,6,6,6,6,6,6,7,5,5,1,5,3,4,3,3,4,5,5,5,5,5,5,3,1,4,5,5,5,5,5,"Artikel auf Websites von Zeitungen oder Zeitschriften, Plakate in der Stadt, Radio, Artikel auf Websites von Radio- oder Fernsehsendern, Artikel/Beiträge auf anderen sozialen Medien",1113,FALSE,9,2.41176470588235,1.90890084578125,77,0.934759332298512,2,NA,31.9523003062513,FALSE,3.75,2.91666666666667,6,1,6,6,6,5.66666666666667,6,7,4.17391304347826,3.6,5,5,"Millennials"
"19","R_2EclZEQUFqmd9Gc",100,403,1,25,"männlich","(Fach-)Hochschulabschluss",1,"Stadt",310,1,"Ja","8","4","1","3","2","6","9","7","5",6,6,6,6,6,6,6,6,6,6,6,5,5,5,4,5,6,6,6,6,1,1,1,1,5,5,6,6,6,6,4,4,4,3,6,6,6,6,6,6,7,5,5,5,5,5,5,5,4,5,5,5,5,5,5,5,4,2,4,5,5,4,5,5,"Plakate in der Stadt, Artikel/Beiträge auf Instagram",403,FALSE,11,3.41666666666667,1.58422097497823,77,0.897086734800745,2,NA,27.0853747877773,FALSE,6,5.5,6,1,5.33333333333333,5.25,6,4,6,7,4.69565217391304,4.8,5,5,"Millennials"
"20","R_2EnWtxWgYnu2wxj",100,430,1,22,"männlich","(Fach-)Hochschulabschluss",1,"Stadt",481011,1,"Nein","8","4","2","5","1","3","9","7","6",5,4,5,5,3,5,5,5,2,5,2,6,5,5,5,5,4,5,5,4,2,2,2,2,5,4,4,5,5,4,4,4,5,3,3,3,4,5,4,4,2,3,3,4,4,4,2,4,5,4,4,4,2,4,4,4,4,4,4,4,5,5,3,3,"Radio, Artikel auf Websites anderer Anbieter, Artikel/Beiträge auf Instagram, Artikel/Beiträge auf anderen sozialen Medien",430,FALSE,4,1.70833333333333,1.16084494038168,77,0.231662323052604,2,NA,54.1417774482644,FALSE,4.75,4.41666666666667,4.5,2,4.33333333333333,3.25,4.66666666666667,4.33333333333333,4.33333333333333,2,3.78260869565217,3.8,3,5,"Gen Z"
"21","R_2fkIsJDeRsrGBv5",100,836,1,35,"weiblich","(Fach-)Hochschulabschluss",1,"Stadtrand",891011,1,"Ja","9","2","3","8","1","5","7","6","4",6,5,5,2,6,6,6,6,5,5,6,5,5,5,5,5,4,5,3,3,2,2,2,2,4,5,5,4,4,4,3,4,4,3,5,3,4,4,4,3,3,4,4,4,5,5,5,5,5,4,4,4,3,3,4,4,3,3,3,4,4,2,3,3,"Artikel auf Websites anderer Anbieter, Artikel/Beiträge auf Facebook, Artikel/Beiträge auf Instagram, Artikel/Beiträge auf anderen sozialen Medien",836,FALSE,5,1.95238095238095,1.24939009510885,77,0.42508838315325,2,NA,38.6261923868324,FALSE,4.5,5.41666666666667,3.75,2,4.66666666666667,3.75,4,3.66666666666667,3.66666666666667,3,3.82608695652174,5,3,5,"Millennials"
"22","R_2FmprtS3ovwHFTe",100,402,1,32,"weiblich","(Fach-)Hochschulabschluss",1,"Stadt",123468910,1,"Ja","7","4","5","9","3","1","6","8","2",6,6,5,2,5,5,4,2,6,6,6,6,1,6,5,5,3,2,3,3,1,2,2,2,2,3,2,4,4,4,4,4,4,5,5,3,5,2,4,2,2,4,4,5,4,4,4,4,4,4,4,4,4,5,4,5,4,2,3,4,4,4,4,2,"Gedruckte Zeitungen/Zeitschriften, Artikel auf Websites von Zeitungen oder Zeitschriften, Plakate in der Stadt, Radio, E-Mail Newsletter, Artikel auf Websites anderer Anbieter, Artikel/Beiträge auf Facebook, Artikel/Beiträge auf Instagram",402,FALSE,6,1.70833333333333,1.58152442668304,77,0.63544103338803,2,NA,49.3349609758821,FALSE,4.75,4.75,2.75,1.75,2.33333333333333,4.5,4,4,2.66666666666667,2,3.91304347826087,4,3.75,5,"Millennials"
"23","R_2fTMRACIiUaOPj3",100,601,1,31,"männlich","(Fach-)Hochschulabschluss",1,"Stadt",123410,1,"Ja","9","1","2","8","3","6","7","5","4",5,5,2,3,4,4,2,2,5,4,5,5,3,4,4,4,4,4,4,2,2,3,3,3,5,4,4,4,3,4,3,3,3,5,5,5,4,4,2,4,4,4,4,2,4,3,4,4,4,4,4,4,4,4,4,4,4,2,4,4,4,4,3,2,"Gedruckte Zeitungen/Zeitschriften, Artikel auf Websites von Zeitungen oder Zeitschriften, Plakate in der Stadt, Radio, Artikel/Beiträge auf Instagram",601,FALSE,6,1.95238095238095,0.980915450969766,77,0.179887678301674,2,NA,36.4352514844348,FALSE,3.75,3.83333333333333,3.5,2.75,4.33333333333333,4.75,3.66666666666667,3,3.33333333333333,4,3.65217391304348,3.8,3.25,5,"Millennials"
"24","R_2gYpb7be5ufvxr0",100,449,1,37,"weiblich","(Fach-)Hochschulabschluss",1,"Stadt",24,1,"Ja","9","3","2","5","1","4","7","8","6",5,5,4,5,5,5,5,5,5,6,6,6,2,5,5,5,4,3,4,2,2,3,3,3,4,4,5,4,4,4,5,5,5,6,6,4,3,4,3,3,3,5,5,5,4,3,3,5,3,3,3,3,3,5,5,5,5,1,3,3,3,3,3,3,"Artikel auf Websites von Zeitungen oder Zeitschriften, Radio",449,FALSE,6,2.05,1.14071009121298,77,0.562896147603935,2,NA,35.9322288938834,FALSE,4.75,5,3.25,2.75,4.33333333333333,4.75,4,5,3.33333333333333,3,3.65217391304348,3.6,3.5,5,"Millennials"
"25","R_2gYPEQc2UwWo5Nn",100,507,1,29,"weiblich","Realschulabschluss (Mittlere Reife)",1,"Land",3481011,1,"Ja","9","1","2","8","3","5","6","7","4",5,3,5,6,4,4,4,5,5,5,6,5,3,5,3,4,5,5,5,4,2,3,3,2,4,4,4,4,4,4,6,6,6,6,6,5,5,5,4,5,5,5,5,4,3,3,4,3,3,2,1,4,5,5,5,5,5,3,5,5,5,5,5,4,"Plakate in der Stadt, Radio, Artikel auf Websites anderer Anbieter, Artikel/Beiträge auf Instagram, Artikel/Beiträge auf anderen sozialen Medien",507,FALSE,6,1.86363636363636,1.07521977333734,77,0.6350209822305,2,NA,33.4433084495948,FALSE,4.75,4.41666666666667,4.75,2.5,4,5.5,4,6,4.66666666666667,5,4.08695652173913,3.2,4.75,3,"Millennials"
"26","R_2i6xu3AIvN3RjNL",100,586,1,26,"keine Angabe","(Fach-)Hochschulabschluss",1,"Stadtrand",13,2,"Nein","6","5","4","8","3","2","9","7","1",6,6,6,6,4,4,4,4,5,5,5,5,5,2,5,5,2,4,4,2,2,3,3,3,2,2,2,1,1,1,2,4,2,5,5,3,3,2,2,2,3,3,3,3,3,3,3,3,3,3,3,3,3,3,3,3,3,3,3,3,3,3,2,2,"Gedruckte Zeitungen/Zeitschriften, Plakate in der Stadt",586,FALSE,5,2.27777777777778,1.53456119095346,77,0.671001046797069,2,NA,42.7446502190378,FALSE,6,4.41666666666667,3,2.75,2,4,1,2.66666666666667,2,3,2.91304347826087,3,2.5,5,"Millennials"
"27","R_2IfMJewIWd0dBil",100,450,1,21,"männlich","Realschulabschluss (Mittlere Reife)",1,"Stadt",341011,1,"Ja","9","1","2","6","4","3","8","7","5",6,6,6,6,4,4,3,4,5,4,6,6,5,5,2,6,5,4,4,5,1,1,1,1,5,5,5,5,5,5,6,6,6,6,6,6,6,6,4,5,4,5,4,4,4,4,5,2,2,4,4,5,4,5,5,4,4,2,4,4,5,4,5,2,"Plakate in der Stadt, Radio, Artikel/Beiträge auf Instagram, Artikel/Beiträge auf anderen sozialen Medien",450,FALSE,8,2.15789473684211,1.54288295242317,77,0.755877043389011,2,NA,35.4666631673499,FALSE,6,4.5,4.5,1,5,6,5,6,5,4,3.95652173913043,3.4,4,3,"Gen Z"
"28","R_2mIwal2mXgOtEUo",100,547,1,72,"männlich","(Fach-)Abitur",1,"Stadtrand",12345,1,"Nein","4","3","2","5","8","1","9","7","6",5,3,5,4,4,4,2,3,2,3,2,3,4,4,3,4,5,5,6,4,3,5,2,2,4,4,4,5,4,6,2,3,2,5,4,5,5,5,3,4,4,4,4,4,1,1,2,4,2,2,2,4,5,4,5,5,4,1,3,4,4,3,5,1,"Gedruckte Zeitungen/Zeitschriften, Artikel auf Websites von Zeitungen oder Zeitschriften, Plakate in der Stadt, Radio, Fernsehnachrichten",547,FALSE,3,1.32258064516129,1.14497843200477,77,0.415942895397099,2,NA,49.1870020182478,FALSE,4.25,3.16666666666667,5,3,4,4.75,5,2.33333333333333,4,4,3.21739130434783,2,3.75,4,"Babyboomer"
"29","R_2mlR2elgMvTC4zV",100,377,1,25,"männlich","(Fach-)Hochschulabschluss",1,"Stadt",2,1,"Nein","6","2","5","7","4","3","8","9","1",5,5,5,5,5,4,3,5,4,4,5,5,4,5,3,3,4,4,4,4,2,3,3,3,4,4,4,5,5,5,4,4,4,4,4,4,4,4,4,4,2,2,5,2,5,3,5,5,5,5,4,3,5,5,1,4,3,4,4,4,2,3,2,2,"Artikel auf Websites von Zeitungen oder Zeitschriften",377,FALSE,10,2.5625,0.804711734479966,77,0.399265064104217,2,NA,19.6100051950757,FALSE,5,4.16666666666667,4,2.75,4,4,5,4,4,2,3.60869565217391,4.6,3.5,5,"Millennials"
"30","R_2rTGHBRDVipXnfC",100,630,1,25,"männlich","(Fach-)Abitur",1,"Stadt",23910,2,"Nein","6","3","1","4","2","7","9","8","5",6,5,5,5,5,5,4,5,4,4,5,5,4,5,3,2,5,5,5,4,1,2,2,1,6,6,6,5,5,5,5,5,5,5,5,5,5,6,6,6,5,4,5,5,4,4,4,3,3,4,5,5,4,5,2,5,5,3,4,4,4,4,5,5,"Artikel auf Websites von Zeitungen oder Zeitschriften, Plakate in der Stadt, Artikel/Beiträge auf Facebook, Artikel/Beiträge auf Instagram",630,FALSE,10,2.15789473684211,1.30337273556143,77,0.726703398418213,2,NA,25.7472160372547,FALSE,5.25,4.25,4.75,1.5,6,5,5,5,6,5,4.17391304347826,3.6,4.75,4,"Millennials"
"31","R_2rThJ9BoHeyLkAV",100,620,1,39,"weiblich","(Fach-)Hochschulabschluss",1,"Stadtrand",211,1,"Ja","3","8","2","4","9","1","6","7","5",5,5,3,3,5,5,3,3,6,6,6,6,5,5,5,5,4,4,4,3,2,3,3,3,3,3,3,4,4,4,3,3,3,4,4,3,3,4,1,1,2,4,4,3,4,4,4,4,3,3,3,3,3,3,5,4,4,2,3,3,3,3,3,3,"Artikel auf Websites von Zeitungen oder Zeitschriften, Artikel/Beiträge auf anderen sozialen Medien",620,FALSE,6,2.41176470588235,1.26056510749898,77,0.486391842960612,2,NA,27.9688825083283,FALSE,4,5,3.75,2.75,3,3.5,4,3,2,2,3.39130434782609,3.8,3,5,"Millennials"
"32","R_2T6ImyKoDMLhOr7",100,970,1,64,"weiblich","(Fach-)Abitur",1,"Stadtrand",145,1,"Ja","9","3","2","4","8","1","6","7","5",6,5,5,6,5,5,4,3,4,4,4,4,4,5,4,5,6,6,6,4,1,1,1,1,5,5,5,6,6,6,5,5,5,5,6,6,5,6,5,4,4,5,5,5,5,5,5,5,5,5,5,5,5,5,5,5,5,5,4,5,5,5,5,4,"Gedruckte Zeitungen/Zeitschriften, Radio, Fernsehnachrichten",970,FALSE,5,1.95238095238095,1.43135617084109,77,0.716963601834303,2,NA,29.4598366434801,FALSE,5.5,4.25,5.5,1,5,5.5,6,5,5,4,4.91304347826087,5,4.75,4,"Babyboomer"
"33","R_2TqhewEQ7deM0Jr",100,607,1,27,"weiblich","(Fach-)Hochschulabschluss",1,"Stadt",10,1,"Ja","8","4","1","9","3","2","7","6","5",6,5,4,5,6,5,4,6,6,6,6,6,4,4,4,3,5,6,6,5,1,1,1,1,6,5,5,6,5,5,6,6,6,6,6,5,5,6,6,6,7,5,5,5,5,4,4,3,4,4,5,5,5,5,5,5,4,1,5,5,5,5,5,5,"Artikel/Beiträge auf Instagram",607,FALSE,5,1.86363636363636,1.54840594664634,77,0.807137627314681,2,NA,34.5016836348798,FALSE,5,5,5.5,1,5.33333333333333,5.5,5.33333333333333,6,6,7,4.52173913043478,4,5,5,"Millennials"
"34","R_2V4We0nWOq4IBIB",100,722,1,22,"weiblich","(Fach-)Abitur",1,"Stadt",236810,1,"Nein","7","3","1","6","2","4","9","8","5",6,5,5,5,6,5,4,2,6,6,4,5,3,4,3,4,3,4,4,2,2,2,2,2,3,3,3,5,5,4,5,5,5,5,5,3,3,3,2,3,4,3,4,2,3,3,2,2,3,4,5,3,3,3,4,3,2,2,3,1,2,2,1,1,"Artikel auf Websites von Zeitungen oder Zeitschriften, Plakate in der Stadt, E-Mail Newsletter, Artikel auf Websites anderer Anbieter, Artikel/Beiträge auf Instagram",722,FALSE,5,1.70833333333333,1.28072007184983,77,0.529512419725255,2,NA,42.3012691943103,FALSE,5.25,4.33333333333333,3.25,2,3,4,4.66666666666667,5,2.66666666666667,4,2.65217391304348,2.6,2,4,"Gen Z"
"35","R_2v6jnsIdnNpj7ON",100,668,1,20,"keine Angabe","(Fach-)Abitur",1,"Stadt",11,2,"Nein","1","2","3","8","6","5","7","9","4",6,6,6,6,6,5,4,3,5,5,5,5,4,4,2,2,2,3,3,2,2,2,2,2,4,4,4,4,4,4,4,4,4,5,5,5,5,1,1,1,1,1,2,2,3,3,3,2,3,3,3,2,2,3,5,1,2,2,4,1,3,3,1,2,"Artikel/Beiträge auf anderen sozialen Medien",668,FALSE,9,3.41666666666667,1.55312430988354,77,0.607279386670367,2,NA,29.2519828607356,FALSE,6,4.16666666666667,2.5,2,4,5,4,4,1,1,2.43478260869565,2.8,2,4,"Gen Z"
"36","R_2xKkDOOADLHS551",100,361,1,37,"weiblich","(Fach-)Hochschulabschluss",1,"Stadtrand",2410,1,"Ja","9","5","6","3","4","8","2","1","7",4,5,2,5,6,6,5,6,5,6,6,5,5,5,3,5,1,1,1,1,2,2,6,5,1,1,1,3,3,2,4,3,2,3,2,1,3,1,1,1,1,1,1,1,1,1,1,1,1,3,3,2,2,1,4,2,1,1,4,1,2,1,1,1,"Artikel auf Websites von Zeitungen oder Zeitschriften, Radio, Artikel/Beiträge auf Instagram",361,FALSE,4,1.51851851851852,1.90025672206576,77,0.798786601607819,2,NA,61.3166882096341,FALSE,4,5.25,1,3.75,1,2.25,2.66666666666667,3,1,1,1.60869565217391,1,1.25,5,"Millennials"
"37","R_31XjpJ4Hv9QFxkd",100,662,1,25,"männlich","(Fach-)Abitur",1,"Stadt",1011,NA,NA,"6","5","3","2","1","4","9","8","7",5,4,5,5,5,4,2,3,4,5,6,6,3,4,3,5,5,4,5,3,1,1,1,1,4,4,4,5,5,5,4,4,5,5,5,6,6,5,4,6,4,4,4,3,4,3,4,4,2,4,4,4,4,3,5,4,5,3,2,5,4,4,4,3,"Artikel/Beiträge auf Instagram, Artikel/Beiträge auf anderen sozialen Medien",662,FALSE,4,1.57692307692308,1.39467628904327,77,0.589870449975049,2,NA,35.7920860416039,FALSE,4.75,4.16666666666667,4.25,1,4,5.5,5,4.33333333333333,5,4,3.73913043478261,3.4,3.5,4,"Millennials"
"38","R_3B9lUJsx8HMGxK9",100,1406,1,64,"weiblich","(Fach-)Hochschulabschluss",1,"Stadt",123,1,"Ja","9","1","3","4","8","2","7","5","6",6,5,5,5,6,5,4,4,3,4,5,4,4,5,4,2,6,6,6,5,1,2,2,2,4,2,5,5,5,4,2,3,3,4,5,5,5,5,5,4,4,5,5,5,5,5,5,3,5,5,5,3,5,5,3,3,5,3,3,3,5,3,4,3,"Gedruckte Zeitungen/Zeitschriften, Artikel auf Websites von Zeitungen oder Zeitschriften, Plakate in der Stadt",1406,FALSE,5,1.64,1.32103063977317,77,0.379293515748554,2,NA,47.7195782871468,FALSE,5.25,4.16666666666667,5.75,1.75,3.66666666666667,4.75,4.66666666666667,2.66666666666667,4.66666666666667,4,4.17391304347826,4.6,4.25,5,"Babyboomer"
"39","R_3Bex5vT4DSQuaCk",100,461,1,23,"männlich","(Fach-)Hochschulabschluss",1,"Stadt",310,1,"Ja","4","9","3","7","1","5","8","6","2",5,6,4,6,5,4,4,3,5,5,5,5,4,5,4,5,5,5,5,3,2,2,2,2,4,5,6,4,4,3,3,3,3,4,5,3,3,6,4,5,5,5,5,5,5,3,3,3,4,4,5,4,3,4,5,5,3,3,2,5,5,4,5,5,"Plakate in der Stadt, Artikel/Beiträge auf Instagram",461,FALSE,4,1.64,1.15979392618668,77,0.516446198320047,2,NA,25.7256729587356,FALSE,5.25,4.5,4.5,2,5,3.75,3.66666666666667,3,5,5,4.1304347826087,3.6,4.25,5,"Gen Z"
"40","R_3CgjjjKCxugr2BX",100,923,1,28,"männlich","(Fach-)Hochschulabschluss",1,"Stadt",210,1,"Ja","8","4","1","5","3","9","6","7","2",5,5,4,5,5,5,4,3,4,6,5,5,2,5,2,5,4,3,4,3,1,1,1,1,5,5,5,4,4,4,3,2,2,3,6,6,6,3,1,2,2,3,4,4,4,4,4,3,4,5,4,4,3,4,3,3,3,3,2,3,3,3,3,3,"Artikel auf Websites von Zeitungen oder Zeitschriften, Artikel/Beiträge auf Instagram",923,FALSE,4,1.57692307692308,1.57224400762483,77,0.48482559973555,2,NA,39.5243880680313,FALSE,4.75,4.25,3.5,1,5,5.25,4,2.33333333333333,2,2,3.43478260869565,3.8,3.25,5,"Millennials"
"41","R_3cr8KcWlJMrT2QF",100,661,1,59,"weiblich","(Fach-)Hochschulabschluss",1,"Stadt",1259,1,"Ja","9","2","7","8","3","1","6","4","5",6,5,5,5,4,4,3,2,3,4,4,4,3,4,2,3,3,3,3,2,2,2,2,2,5,5,5,4,4,4,4,5,4,2,4,4,5,3,3,3,2,2,2,3,3,2,5,4,4,4,4,4,3,5,4,2,2,4,4,5,3,3,3,3,"Gedruckte Zeitungen/Zeitschriften, Artikel auf Websites von Zeitungen oder Zeitschriften, Fernsehnachrichten, Artikel/Beiträge auf Facebook",661,FALSE,5,1.95238095238095,1.11912422205502,77,0.373931039693897,2,NA,31.9664576416075,FALSE,5.25,3.33333333333333,2.75,2,5,3.75,4,4.33333333333333,3,2,3.39130434782609,3.6,3.5,5,"Babyboomer"
"42","R_3dpfEb8V4unXYOt",100,511,1,22,"männlich","(Fach-)Hochschulabschluss",1,"Stadt",10,1,"Nein","7","6","2","4","3","1","8","9","5",6,5,5,5,4,3,2,2,5,5,5,5,4,5,5,5,5,5,5,4,2,2,2,2,5,4,4,5,5,5,5,5,5,5,5,5,4,5,3,3,4,5,4,4,4,4,4,2,3,4,5,4,3,5,4,5,5,4,3,5,5,5,5,3,"Artikel/Beiträge auf Instagram",511,FALSE,9,2.41176470588235,1.14071009121298,77,0.592995135821647,2,NA,18.3701417813246,FALSE,5.25,4.16666666666667,4.75,2,4.33333333333333,4.75,5,5,3.66666666666667,4,4.1304347826087,3.4,4,5,"Gen Z"
"43","R_3qvS5ttCHXg6kEA",100,493,1,26,"männlich","(Fach-)Hochschulabschluss",1,"Stadt",410,1,"Ja","7","4","3","6","2","5","9","8","1",5,3,3,3,6,6,4,5,6,5,6,6,3,2,2,2,6,5,5,5,2,2,1,1,6,5,5,6,6,5,6,5,5,6,6,6,6,6,5,5,5,5,4,5,5,4,4,4,3,3,5,5,5,5,5,5,5,4,5,5,5,5,5,5,"Radio, Artikel/Beiträge auf Instagram",493,FALSE,5,1.86363636363636,1.596490052523,77,0.786554280845896,2,NA,34.3081914088532,FALSE,3.5,4.41666666666667,5.25,1.5,5.33333333333333,6,5.66666666666667,5.33333333333333,5.33333333333333,5,4.60869565217391,4,5,5,"Millennials"
"44","R_3yeWFK17ZXI4B6i",100,451,1,22,"männlich","(Fach-)Hochschulabschluss",1,"Stadt",1011,1,"Nein","7","6","5","4","3","2","8","9","1",5,4,4,5,4,4,4,4,5,5,6,5,5,5,5,5,5,5,5,5,2,3,2,2,4,5,5,3,3,3,3,4,3,5,5,5,4,5,3,5,4,5,4,2,5,3,5,4,3,4,3,3,5,5,5,4,4,1,3,4,4,4,5,3,"Artikel/Beiträge auf Instagram, Artikel/Beiträge auf anderen sozialen Medien",451,FALSE,9,1.95238095238095,1.01272392886589,77,0.548322984583738,2,NA,21.6176181425598,FALSE,4.5,4.75,5,2.25,4.66666666666667,4.75,3,3.33333333333333,4.33333333333333,4,3.82608695652174,4,4.5,5,"Gen Z"
"45","R_40rfjmW5mB0uLVw",100,572,1,41,"weiblich","(Fach-)Hochschulabschluss",1,"Stadt",236811,1,"Ja","3","5","4","8","2","6","7","9","1",6,6,6,6,6,6,4,3,6,6,6,6,5,4,4,4,1,1,1,1,1,1,1,1,2,2,2,4,4,4,4,4,4,6,6,6,6,1,1,1,2,1,4,3,5,5,5,5,5,3,3,4,1,3,4,3,2,4,2,2,3,1,1,2,"Artikel auf Websites von Zeitungen oder Zeitschriften, Plakate in der Stadt, E-Mail Newsletter, Artikel auf Websites anderer Anbieter, Artikel/Beiträge auf anderen sozialen Medien",572,FALSE,8,3.41666666666667,2.05473872293102,77,0.875114435651869,2,NA,24.2056815251401,FALSE,6,5,1,1,2,6,4,4,1,2,3.08695652173913,5,1.75,5,"Gen X"
"46","R_40UalYsEeg4wgX2",100,876,1,23,"weiblich","(Fach-)Hochschulabschluss",1,"Stadt",21011,1,"Nein","6","5","4","7","3","2","9","8","1",6,6,4,6,6,6,6,6,6,6,6,6,1,6,6,6,2,1,1,1,1,1,1,1,1,1,1,4,4,4,5,5,5,6,6,5,6,1,1,1,2,5,3,4,4,3,5,4,3,5,5,3,3,4,5,4,1,3,2,2,2,2,2,1,"Artikel auf Websites von Zeitungen oder Zeitschriften, Artikel/Beiträge auf Instagram, Artikel/Beiträge auf anderen sozialen Medien",876,FALSE,10,2.92857142857143,2.26074669296587,77,0.852664723944814,2,NA,43.4387980617385,FALSE,5.5,5.58333333333333,1.25,1,1,5.75,4,5,1,2,3.26086956521739,3.8,2.5,5,"Gen Z"
"47","R_45FngXyUlY3NAoW",100,861,1,40,"weiblich","(Fach-)Abitur",1,"Stadtrand",11,1,"Ja","9","4","8","3","2","1","5","7","6",2,2,1,1,6,6,6,6,6,6,6,6,4,3,5,5,4,4,3,3,1,1,1,1,4,3,3,1,2,1,1,1,1,3,6,3,1,4,1,1,3,3,3,3,3,3,3,3,3,3,3,3,3,3,3,3,3,3,3,4,3,2,3,2,"Artikel/Beiträge auf anderen sozialen Medien",861,FALSE,8,1.95238095238095,1.951859651092,77,0.703040874489962,2,NA,56.6179065888272,FALSE,1.5,5.41666666666667,3.5,1,3.33333333333333,3.25,1.33333333333333,1,2,3,2.95652173913043,3,2.75,4,"Gen X"
"48","R_48nWglGWKnGWKdP",100,374,1,24,"weiblich","(Fach-)Hochschulabschluss",1,"Stadt",24,1,"Nein","6","5","3","8","4","2","9","7","1",6,6,5,6,6,6,4,3,6,6,6,6,2,5,6,6,6,6,6,6,2,2,2,1,6,4,6,6,6,6,5,6,5,6,6,6,6,6,5,6,5,5,5,4,5,5,5,4,4,4,4,5,4,5,5,5,5,1,4,5,5,5,4,5,"Artikel auf Websites von Zeitungen oder Zeitschriften, Radio",374,FALSE,6,1.95238095238095,1.44745360934971,77,0.742334350147538,2,NA,43.5553985689849,FALSE,5.75,5.16666666666667,6,1.75,5.33333333333333,6,6,5.33333333333333,5.66666666666667,5,4.47826086956522,4.6,4.5,5,"Millennials"
"49","R_4DNej94Sj6cqQDq",100,464,1,20,"weiblich","(Fach-)Abitur",1,"Stadt",10,1,"Ja","6","5","4","9","3","2","8","7","1",6,6,6,6,6,6,6,3,6,6,6,6,6,6,6,6,6,6,6,4,1,1,1,1,4,4,6,6,6,6,3,6,6,6,6,6,6,6,6,6,7,5,5,5,4,4,3,5,3,5,5,5,5,5,5,5,5,3,4,5,5,5,5,5,"Artikel/Beiträge auf Instagram",464,FALSE,11,4.1,1.63982449983036,77,0.608683273576422,2,NA,43.0499116494858,FALSE,6,5.75,5.5,1,4.66666666666667,6,6,5,6,7,4.60869565217391,3.8,5,4,"Gen Z"
"50","R_4DYeyWtJvg4GjrR",100,1192,1,29,"weiblich","(Fach-)Hochschulabschluss",1,"Stadt",11,1,"Nein","5","2","1","4","6","7","9","8","3",5,3,6,6,6,6,5,6,6,6,5,6,4,6,4,4,3,2,2,2,2,2,2,2,2,2,5,5,5,5,4,3,3,6,5,4,4,4,4,3,4,2,5,3,4,4,4,2,3,3,3,4,5,5,4,5,3,1,3,3,4,1,2,2,"Artikel/Beiträge auf anderen sozialen Medien",1192,FALSE,9,2.05,1.4865248392008,77,0.573109925658513,2,NA,44.2638194238275,FALSE,5,5.33333333333333,2.25,2,3,4.75,5,3.33333333333333,3.66666666666667,4,3.26086956521739,3.4,3.5,5,"Millennials"
"51","R_4EZ6uGAnN76Y6aC",100,1565,1,48,"weiblich","Realschulabschluss (Mittlere Reife)",1,"Stadt",8,2,"Nein","7","4","1","5","2","3","9","8","6",6,6,6,5,5,5,3,3,4,5,5,5,5,5,4,5,5,5,5,4,2,3,2,2,5,5,5,6,6,6,3,4,4,6,5,4,4,6,6,6,3,5,5,4,4,4,4,4,5,4,3,4,4,5,5,3,3,1,3,4,4,4,4,5,"Artikel auf Websites anderer Anbieter",1565,FALSE,5,2.05,1.20162491611334,77,0.534623885543386,2,NA,25.5295776300316,FALSE,5.75,4.5,4.75,2.25,5,4.75,6,3.66666666666667,6,3,3.95652173913043,4.2,4.5,3,"Gen X"
"52","R_4h0dJlVHJDhf3LZ",100,919,1,59,"weiblich","(Fach-)Abitur",1,"Stadt",3411,1,"Nein","5","3","4","6","9","2","8","1","7",6,5,5,5,3,4,1,1,3,3,3,5,2,3,3,5,2,2,2,2,2,2,2,2,2,2,2,5,5,5,2,2,2,5,5,5,5,2,2,2,3,3,4,4,4,3,3,5,2,2,3,4,4,2,1,5,5,1,3,2,3,4,3,5,"Plakate in der Stadt, Radio, Artikel/Beiträge auf anderen sozialen Medien",919,FALSE,11,2.5625,1.44154388781188,77,0.60498291106917,2,NA,43.792821982674,FALSE,5.25,3,2,2,2,5,5,2,2,3,3.26086956521739,3.4,3.5,4,"Babyboomer"
"53","R_4kGrvn3tzeudq2t",100,450,1,30,"männlich","(Fach-)Hochschulabschluss",1,"Stadtrand",23910,2,"Nein","1","2","3","7","8","4","9","6","5",6,6,4,5,3,2,3,2,5,4,6,6,5,5,3,3,2,2,2,2,2,4,3,3,1,1,1,1,1,1,5,4,5,6,5,4,4,1,1,1,1,1,1,3,3,3,3,3,3,3,2,3,3,3,4,2,2,2,4,2,2,3,2,4,"Artikel auf Websites von Zeitungen oder Zeitschriften, Plakate in der Stadt, Artikel/Beiträge auf Facebook, Artikel/Beiträge auf Instagram",450,FALSE,6,1.78260869565217,1.76379579593447,77,0.865749979832513,2,NA,48.7809190933896,FALSE,5.25,3.91666666666667,2,3,1,4.75,1,4.66666666666667,1,1,2.65217391304348,3,3,5,"Millennials"
"54","R_4mmJ6GbpWNnP9zn",100,627,1,42,"weiblich","(Fach-)Hochschulabschluss",1,"Stadt",24581011,1,"Ja","9","3","1","2","6","5","8","7","4",6,6,6,6,6,6,5,6,6,6,6,6,3,6,4,6,6,6,6,4,1,1,1,1,4,4,4,6,6,6,1,1,1,6,6,6,6,6,6,6,7,5,5,5,5,5,5,5,5,5,5,5,5,5,5,5,5,1,1,5,5,5,4,4,"Artikel auf Websites von Zeitungen oder Zeitschriften, Radio, Fernsehnachrichten, Artikel auf Websites anderer Anbieter, Artikel/Beiträge auf Instagram, Artikel/Beiträge auf anderen sozialen Medien",627,FALSE,7,2.92857142857143,1.93523175646213,77,0.716177900360401,2,NA,39.8197931564541,FALSE,6,5.5,5.5,1,4,6,6,1,6,7,4.56521739130435,5,4.5,5,"Gen X"
"55","R_4PmKklEDvJOIOA1",100,1031,1,57,"weiblich","(Fach-)Hochschulabschluss",1,"Stadt",135,1,"Ja","7","3","1","4","8","2","9","6","5",3,3,1,3,4,4,4,2,4,3,3,3,5,3,2,3,5,4,4,3,2,2,2,2,4,5,4,6,5,4,4,5,4,5,5,5,4,5,5,4,5,4,3,4,4,4,3,1,4,3,3,4,4,5,5,5,5,3,3,4,5,4,5,5,"Gedruckte Zeitungen/Zeitschriften, Plakate in der Stadt, Fernsehnachrichten",1031,FALSE,4,1.46428571428571,1.16241967988981,77,0.501778109626702,2,NA,46.9167009952294,FALSE,2.5,3.33333333333333,4,2,4.33333333333333,4.75,5,4.33333333333333,4.66666666666667,5,3.91304347826087,3.2,4.75,5,"Babyboomer"
"56","R_4q3rdMvjtMGNicH",100,476,1,27,"weiblich","(Fach-)Hochschulabschluss",1,"Stadt",13410,1,"Ja","6","4","1","8","3","2","9","7","5",6,5,4,6,6,6,4,4,5,6,5,6,6,5,3,5,6,6,5,2,2,2,2,2,5,5,5,4,4,6,1,1,1,5,5,4,5,5,5,5,5,4,4,5,2,2,2,1,3,2,2,4,4,5,5,5,4,1,4,4,5,3,4,4,"Gedruckte Zeitungen/Zeitschriften, Plakate in der Stadt, Radio, Artikel/Beiträge auf Instagram",476,FALSE,5,1.86363636363636,1.56329857641603,77,0.536254579254173,2,NA,47.5656748244613,FALSE,5.25,5.08333333333333,4.75,2,5,4.75,4.66666666666667,1,5,5,3.43478260869565,2,4.25,5,"Millennials"
"57","R_4zASiIH5uHDhNYK",100,661,1,21,"weiblich","(Fach-)Abitur",1,"Stadt",23811,1,"Ja","9","1","2","7","5","4","8","6","3",4,4,2,3,6,4,2,2,6,6,6,6,2,2,2,4,2,1,1,1,2,2,2,2,1,1,2,1,1,2,5,4,4,5,5,2,3,2,1,1,2,2,3,4,2,3,4,1,2,2,2,1,4,3,4,4,2,3,4,1,3,2,4,1,"Artikel auf Websites von Zeitungen oder Zeitschriften, Plakate in der Stadt, Artikel auf Websites anderer Anbieter, Artikel/Beiträge auf anderen sozialen Medien",661,FALSE,4,1.70833333333333,1.68674892951486,77,0.88790209144465,2,NA,38.9597326970943,FALSE,3.25,4,1.25,2,1.33333333333333,3.75,1.33333333333333,4.33333333333333,1.33333333333333,2,2.65217391304348,2.4,3,4,"Gen Z"
"58","R_4ziGpmLWt97wbka",100,521,1,27,"weiblich","(Fach-)Hochschulabschluss",1,"Land",2311,2,"Nein","2","1","6","4","5","7","9","8","3",5,3,4,2,5,5,5,5,5,2,5,5,5,5,4,5,5,5,5,5,1,1,2,2,4,4,3,5,5,5,6,6,5,5,5,5,4,6,6,6,5,4,5,4,3,4,5,5,3,2,5,5,5,4,5,5,5,4,4,5,5,5,4,5,"Artikel auf Websites von Zeitungen oder Zeitschriften, Plakate in der Stadt, Artikel/Beiträge auf anderen sozialen Medien",521,FALSE,5,2.15789473684211,1.34118622413328,77,0.465628675754867,2,NA,50.621375122282,FALSE,3.5,4.66666666666667,5,1.5,3.66666666666667,4.75,5,5.66666666666667,6,5,4.39130434782609,4,4.5,5,"Millennials"
"59","R_4zUxy7W053sRTD6",100,490,1,58,"weiblich","Hauptschulabschluss / Volksschulabschluss",1,"Land",13459,1,"Ja","9","2","4","7","8","1","6","5","3",4,3,3,2,2,2,2,1,2,1,3,1,2,2,3,3,4,3,3,2,4,5,4,4,3,5,4,3,3,3,4,4,4,6,2,1,3,3,2,2,1,4,3,3,2,2,2,3,2,3,3,4,3,4,5,4,4,1,4,4,4,4,4,3,"Gedruckte Zeitungen/Zeitschriften, Plakate in der Stadt, Radio, Fernsehnachrichten, Artikel/Beiträge auf Facebook",490,FALSE,4,1.51851851851852,1.18733150280828,77,0.342174370963007,2,NA,55.6963983901687,FALSE,3,2,3,4.25,4,3,3,4,2.33333333333333,1,3.26086956521739,2.2,3.5,2,"Babyboomer"
"60","R_58LZJ9FviHhcuVW",100,525,1,51,"männlich","(Fach-)Hochschulabschluss",1,"Stadt",24911,1,"Ja","9","3","2","5","1","4","8","7","6",4,5,4,5,5,5,4,5,5,5,5,5,5,5,5,5,5,5,5,3,3,3,3,2,3,4,4,5,5,5,5,5,5,5,3,4,3,5,5,5,5,5,5,4,3,4,3,3,4,4,4,4,5,5,3,5,4,2,3,5,5,4,5,3,"Artikel auf Websites von Zeitungen oder Zeitschriften, Radio, Artikel/Beiträge auf Facebook, Artikel/Beiträge auf anderen sozialen Medien",525,FALSE,12,2.73333333333333,0.867432432175696,77,0.284014801637048,2,NA,35.0236016504536,FALSE,4.5,4.91666666666667,4.5,2.75,3.66666666666667,3.75,5,5,5,5,4,3.4,4.5,5,"Gen X"
"61","R_5D6JuFr2ndm0zce",100,328,1,33,"männlich","(Fach-)Hochschulabschluss",1,"Stadt",24,1,"Ja","9","5","4","6","3","2","8","7","1",6,5,2,5,5,5,2,2,5,5,6,6,4,5,2,3,4,3,3,2,3,3,3,3,2,2,2,3,3,3,4,4,4,5,5,4,4,2,2,1,2,3,3,3,3,3,3,3,3,3,3,3,3,3,3,3,3,3,3,3,3,3,3,3,"Artikel auf Websites von Zeitungen oder Zeitschriften, Radio",328,FALSE,4,1.78260869565217,1.36238671491453,77,0.617223705934837,2,NA,30.8211483544451,FALSE,4.5,4.16666666666667,3,3,2,4.5,3,4,1.66666666666667,2,3,3,3,5,"Millennials"
"62","R_5G1Wl4cz3crEiuo",100,571,1,18,"weiblich","(Fach-)Abitur",1,"Stadt",2,1,"Nein","8","2","1","6","4","3","9","7","5",6,5,5,5,6,6,5,3,6,6,6,6,4,5,5,2,4,4,2,2,2,2,2,2,5,5,5,5,5,4,2,3,3,5,5,5,3,5,2,4,5,4,5,5,4,5,5,3,4,3,5,3,2,5,5,4,4,2,1,4,5,1,2,3,"Artikel auf Websites von Zeitungen oder Zeitschriften",571,FALSE,6,1.95238095238095,1.435609838973,77,0.389785127969266,2,NA,48.898646712726,FALSE,5.25,5,3,2,5,4.5,4.66666666666667,2.66666666666667,3.66666666666667,5,3.65217391304348,4.2,3,4,"Gen Z"
"63","R_5pnAGga1RhZxGXQ",100,768,1,27,"weiblich","(Fach-)Hochschulabschluss",1,"Stadt",235,1,"Nein","6","5","2","9","4","3","8","7","1",5,6,5,5,5,5,6,5,5,6,5,5,4,5,5,5,5,4,4,3,4,3,2,2,5,5,5,5,5,4,5,4,5,5,5,3,5,5,3,5,5,5,4,4,4,4,2,2,2,4,2,2,4,2,1,5,1,1,5,1,4,3,1,1,"Artikel auf Websites von Zeitungen oder Zeitschriften, Plakate in der Stadt, Fernsehnachrichten",768,FALSE,5,1.78260869565217,0.948040340810916,77,0.31931318736815,2,NA,47.3503360117134,FALSE,5.25,5.08333333333333,4,2.75,5,4.5,4.66666666666667,4.66666666666667,4.33333333333333,5,2.78260869565217,2.8,2,5,"Millennials"
"64","R_5PYlNC0NLXvAOOr",100,987,1,21,"weiblich","(Fach-)Abitur",1,"Stadt",1381011,2,"Nein","5","3","1","7","6","2","9","8","4",5,3,4,5,5,5,5,6,5,6,6,6,5,5,2,5,6,6,6,4,2,1,3,3,5,5,6,5,5,5,2,4,3,5,5,3,3,6,5,5,5,5,4,4,4,5,4,5,5,4,5,5,4,4,5,5,2,2,2,5,4,4,4,4,"Gedruckte Zeitungen/Zeitschriften, Plakate in der Stadt, Artikel auf Websites anderer Anbieter, Artikel/Beiträge auf Instagram, Artikel/Beiträge auf anderen sozialen Medien",987,FALSE,4,1.64,1.32471810162785,77,0.658410582658569,2,NA,39.465812392368,FALSE,4.25,5.08333333333333,5.5,2.25,5.33333333333333,4,5,3,5.33333333333333,5,4.1304347826087,4.6,4,4,"Gen Z"
"65","R_5Qu1MyiFImap2Xj",100,551,1,26,"männlich","(Fach-)Hochschulabschluss",1,"Stadt",810,1,"Nein","7","6","2","3","1","4","9","8","5",5,6,5,5,6,5,4,4,6,6,6,6,3,5,1,5,6,5,5,6,1,1,1,1,6,6,6,6,6,6,5,4,5,6,6,6,6,6,6,6,5,5,5,3,3,2,5,3,2,5,5,5,5,5,5,5,5,1,3,5,5,5,5,4,"Artikel auf Websites anderer Anbieter, Artikel/Beiträge auf Instagram",551,FALSE,7,1.95238095238095,1.64019629997114,77,0.903541294891388,2,NA,25.6970053147169,FALSE,5.25,4.75,5.5,1,6,6,6,4.66666666666667,6,5,4.17391304347826,3,4.75,5,"Millennials"
"66","R_5rwGsYHSSpTl9QK",100,709,1,25,"männlich","(Fach-)Hochschulabschluss",1,"Stadt",310,1,"Ja","7","4","1","6","2","3","8","9","5",6,6,5,5,5,4,4,4,5,6,6,6,4,3,3,5,6,5,6,5,2,2,2,2,6,5,6,5,5,5,5,5,5,5,6,4,4,6,4,5,3,5,4,4,5,5,4,4,4,3,3,4,4,5,5,5,4,2,3,5,5,5,5,3,"Plakate in der Stadt, Artikel/Beiträge auf Instagram",709,FALSE,7,1.78260869565217,1.23712885540596,77,0.608435312081631,2,NA,27.17990869995,FALSE,5.5,4.58333333333333,5.5,2,5.66666666666667,4.75,5,5,5,3,4.17391304347826,4.4,4.25,5,"Millennials"
"67","R_5yFKyaceLWAX8TD",100,949,1,49,"männlich","(Fach-)Abitur",1,"Stadt",45,1,"Ja","9","5","4","3","2","1","7","8","6",3,4,3,5,3,3,2,2,5,5,5,5,4,4,2,2,6,5,5,4,2,2,2,2,5,3,4,5,5,4,5,5,5,5,5,5,5,5,5,5,3,5,5,5,5,3,5,3,5,5,3,5,5,4,3,3,3,3,2,3,3,3,3,3,"Radio, Fernsehnachrichten",949,FALSE,10,2.05,1.24498995979887,77,0.425419930491243,2,NA,43.1481611062619,FALSE,3.75,3.5,5,2,4,5,4.66666666666667,5,5,3,3.78260869565217,4.2,3.75,4,"Gen X"
"68","R_5zBkFOOPvqbGiRw",100,1001,1,32,"männlich","(Fach-)Hochschulabschluss",1,"Land",148,1,"Ja","9","4","3","8","2","1","7","6","5",4,2,4,2,5,5,2,2,6,5,5,5,5,5,4,5,3,3,3,3,1,2,1,1,4,4,4,4,4,4,3,5,4,5,5,5,5,4,4,4,2,4,3,3,3,3,4,3,4,3,3,4,4,5,2,4,4,2,3,5,5,3,4,3,"Gedruckte Zeitungen/Zeitschriften, Radio, Artikel auf Websites anderer Anbieter",1001,FALSE,6,1.95238095238095,1.32333650754263,77,0.61709316483951,2,NA,37.522256322729,FALSE,3,4.5,3,1.25,4,5,4,4,4,2,3.52173913043478,3.4,4,5,"Millennials"
"69","R_61gztUgmjF0SzJv",100,466,1,26,"weiblich","(Fach-)Hochschulabschluss",1,"Stadt",238,1,"Nein","5","3","1","6","9","2","8","7","4",6,6,5,5,6,5,5,2,6,6,6,6,4,2,1,2,2,4,4,2,2,1,2,2,2,2,5,3,3,3,2,3,3,6,6,5,6,4,1,2,3,4,4,3,5,5,4,3,3,3,5,3,3,3,5,4,3,2,2,2,3,4,1,4,"Artikel auf Websites von Zeitungen oder Zeitschriften, Plakate in der Stadt, Artikel auf Websites anderer Anbieter",466,FALSE,4,1.64,1.7526982682459,77,0.487773374158905,2,NA,59.9962812837271,FALSE,5.5,4.25,3,1.75,3,5.75,3,2.66666666666667,2.33333333333333,3,3.39130434782609,4,2.75,5,"Millennials"
"70","R_61jnWBoJ2vmgRKX",100,632,1,27,"männlich","(Fach-)Hochschulabschluss",1,"Stadt",23710,1,"Ja","7","1","4","2","3","8","9","6","5",4,2,2,2,4,4,3,2,5,5,5,5,4,4,4,4,6,6,6,6,1,1,1,1,6,6,6,6,6,6,5,6,6,6,6,6,6,6,3,6,5,5,5,5,5,5,5,4,5,5,5,5,5,5,5,5,5,4,5,5,5,5,5,3,"Artikel auf Websites von Zeitungen oder Zeitschriften, Plakate in der Stadt, Artikel auf Websites von Radio- oder Fernsehsendern, Artikel/Beiträge auf Instagram",632,FALSE,7,2.73333333333333,1.74816977464307,77,0.758774930886167,2,NA,33.5912395181801,FALSE,2.5,4.08333333333333,6,1,6,6,6,5.66666666666667,5,5,4.82608695652174,4.8,4.5,5,"Millennials"
"71","R_69aYKuB0F8mcwiU",100,621,1,37,"männlich","(Fach-)Hochschulabschluss",1,"Stadt",234,1,"Ja","7","2","4","5","6","3","9","8","1",6,6,6,6,5,5,4,5,5,6,6,6,5,5,5,5,6,6,6,5,1,1,1,1,5,6,6,6,5,5,5,6,5,6,6,6,6,6,6,6,7,5,5,5,5,5,5,3,5,5,5,5,5,5,5,5,5,1,5,5,5,5,5,5,"Artikel auf Websites von Zeitungen oder Zeitschriften, Plakate in der Stadt, Radio",621,FALSE,7,2.5625,1.49266499271866,77,0.8636634574264,2,NA,26.2959726077992,FALSE,6,5.16666666666667,5.75,1,5.66666666666667,6,5.33333333333333,5.33333333333333,6,7,4.73913043478261,4.6,5,5,"Millennials"
"72","R_6EcHXktSzj50mVz",100,618,1,28,"männlich","(Fach-)Abitur",1,"Stadt",234591011,1,"Nein","8","2","3","4","1","5","9","7","6",6,5,5,6,4,3,2,4,5,5,5,5,2,2,3,4,6,6,6,5,2,2,2,2,5,5,6,6,6,5,5,6,5,6,6,6,6,6,6,6,7,5,5,4,4,3,5,3,4,4,5,5,5,5,5,4,4,2,4,5,5,4,5,4,"Artikel auf Websites von Zeitungen oder Zeitschriften, Plakate in der Stadt, Radio, Fernsehnachrichten, Artikel/Beiträge auf Facebook, Artikel/Beiträge auf Instagram, Artikel/Beiträge auf anderen sozialen Medien",618,FALSE,7,1.95238095238095,1.51295221016525,77,0.78541178016036,2,NA,28.2045861711937,FALSE,5.5,3.66666666666667,5.75,2,5.33333333333333,6,5.66666666666667,5.33333333333333,6,7,4.30434782608696,3.8,4.75,4,"Millennials"
"73","R_6EckTFlAdpgzUmZ",100,817,1,68,"männlich","(Fach-)Hochschulabschluss",1,"Stadt",245891011,1,"Ja","8","2","6","5","4","1","9","7","3",5,5,5,6,4,4,2,2,5,5,5,5,5,5,5,5,5,5,5,4,2,2,2,2,5,5,5,6,5,5,3,4,4,4,4,5,5,5,4,4,4,5,5,4,3,3,4,2,2,2,2,2,2,2,1,5,3,3,3,4,4,4,3,4,"Artikel auf Websites von Zeitungen oder Zeitschriften, Radio, Fernsehnachrichten, Artikel auf Websites anderer Anbieter, Artikel/Beiträge auf Facebook, Artikel/Beiträge auf Instagram, Artikel/Beiträge auf anderen sozialen Medien",817,FALSE,11,2.92857142857143,1.12780814836221,77,0.77189848002929,2,NA,19.5112990156863,FALSE,5.25,4.33333333333333,4.75,2,5,4.5,5.33333333333333,3.66666666666667,4.33333333333333,4,3.1304347826087,2.8,2.75,5,"Babyboomer"
"74","R_6IQ1gpGEAuB5hGW",100,506,1,37,"weiblich","(Fach-)Hochschulabschluss",1,"Stadtrand",28,2,"Nein","2","3","1","9","5","4","8","7","6",4,4,5,5,6,4,4,4,6,6,6,6,4,6,4,5,5,5,5,5,1,1,1,1,5,5,5,6,6,5,6,6,6,6,6,6,6,6,4,5,6,5,5,4,2,2,5,4,3,5,4,3,5,4,4,5,4,4,4,4,4,5,3,4,"Artikel auf Websites von Zeitungen oder Zeitschriften, Artikel auf Websites anderer Anbieter",506,FALSE,8,2.41176470588235,1.48159439497438,77,0.803326530419716,2,NA,24.0900212630542,FALSE,4.5,5.08333333333333,5,1,5,6,5.66666666666667,6,5,6,4,3.2,4,5,"Millennials"
"75","R_6ociwmI2LHk7FnW",100,514,1,24,"männlich","(Fach-)Hochschulabschluss",1,"Stadt",3410,1,"Ja","9","1","5","7","4","3","8","6","2",6,4,5,5,5,5,3,3,6,6,5,6,6,6,3,4,6,5,6,3,1,1,1,2,5,6,6,3,4,3,5,6,6,6,6,5,6,6,4,6,5,5,4,4,5,4,4,5,2,4,3,4,4,5,5,5,2,1,4,3,4,4,5,2,"Plakate in der Stadt, Radio, Artikel/Beiträge auf Instagram",514,FALSE,4,1.51851851851852,1.55900218244814,77,0.574396932823792,2,NA,37.9709302309413,FALSE,5,4.83333333333333,5,1.25,5.66666666666667,5.75,3.33333333333333,5.66666666666667,5.33333333333333,5,3.82608695652174,4,4,5,"Millennials"
"76","R_6oYrxzmEOXDsj2u",100,534,1,23,"männlich","(Fach-)Abitur",1,"Stadt",10,2,"Nein","1","3","2","6","4","7","8","9","5",4,4,4,4,3,2,2,2,5,5,6,5,4,4,3,4,6,6,6,6,1,1,1,1,6,6,6,6,6,6,2,5,3,6,6,6,6,6,6,6,7,3,5,5,5,5,5,5,3,3,5,5,3,5,5,5,3,1,1,5,3,5,5,5,"Artikel/Beiträge auf Instagram",534,FALSE,7,2.41176470588235,1.80446600438346,77,0.929948671545068,2,NA,39.4365521310049,FALSE,4,3.75,6,1,6,6,6,3.33333333333333,6,7,4.1304347826087,4.6,4.5,4,"Gen Z"
"77","R_6Pd6A4ENmzMp4Hz",100,460,1,28,"männlich","(Fach-)Hochschulabschluss",1,"Stadt",2347,1,"Nein","4","5","1","7","3","6","9","8","2",6,6,6,6,6,6,4,3,5,6,5,6,5,5,5,5,6,6,6,6,1,1,1,1,6,6,6,6,6,6,4,4,5,6,6,6,6,6,6,6,5,3,5,3,5,5,5,5,4,5,5,5,5,5,3,5,3,1,3,4,5,4,4,3,"Artikel auf Websites von Zeitungen oder Zeitschriften, Plakate in der Stadt, Radio, Artikel auf Websites von Radio- oder Fernsehsendern",460,FALSE,7,2.73333333333333,1.54604136504785,77,0.94578315224987,2,NA,20.8136384391358,FALSE,6,5.08333333333333,6,1,6,6,6,4.33333333333333,6,5,4.1304347826087,4.8,4.25,5,"Millennials"
"78","R_6UhzZFsIZXBoBvN",100,24344,1,42,"männlich","(Fach-)Hochschulabschluss",1,"Stadt",235,1,"Nein","5","4","1","7","9","2","6","8","3",6,5,5,6,2,1,1,1,4,2,3,3,5,5,5,5,5,5,4,2,2,2,2,2,5,5,5,5,5,5,5,5,5,5,4,5,5,5,2,2,3,5,5,5,4,5,4,4,3,4,3,5,4,4,5,4,4,3,4,4,4,5,4,3,"Artikel auf Websites von Zeitungen oder Zeitschriften, Plakate in der Stadt, Fernsehnachrichten",24344,FALSE,10,2.5625,1.53614976404027,77,0.406919523977741,2,NA,49.3878697140451,FALSE,5.5,3.08333333333333,4,2,5,4.75,5,5,3,3,4.1304347826087,4,3.75,5,"Gen X"
"79","R_6YU6UTn2lOrebkZ",100,625,1,21,"weiblich","(Fach-)Abitur",1,"Stadt",2,1,"Ja","9","3","4","7","2","8","6","5","1",1,1,1,1,5,4,2,5,6,5,4,6,5,5,2,3,4,5,4,3,2,2,3,3,3,2,2,4,3,3,3,4,3,5,5,3,3,4,2,2,2,5,4,4,3,3,4,3,4,3,1,3,3,3,3,4,3,2,3,4,3,2,3,2,"Artikel auf Websites von Zeitungen oder Zeitschriften",625,FALSE,4,1.51851851851852,1.40078375274388,77,0.369668165453404,2,NA,48.9863171083669,FALSE,1,4.33333333333333,4,2.5,2.33333333333333,4,3.33333333333333,3.33333333333333,2.66666666666667,2,3.1304347826087,3.4,2.75,4,"Gen Z"
"80","R_6zUuCvwT4HblzEO",100,469,1,23,"weiblich","(Fach-)Hochschulabschluss",1,"Stadt",811,1,"Nein","6","1","3","9","4","2","7","8","5",6,6,6,6,6,5,4,3,6,6,6,6,5,5,6,5,5,5,5,5,1,1,1,1,5,5,6,5,5,5,4,4,4,6,6,5,5,5,5,5,5,5,5,5,4,4,4,3,3,3,3,3,3,5,5,5,3,2,3,3,4,4,4,4,"Artikel auf Websites anderer Anbieter, Artikel/Beiträge auf anderen sozialen Medien",469,FALSE,6,2.73333333333333,1.44069766297359,77,0.948880298732602,2,NA,19.7181328760916,FALSE,6,5.25,5,1,5.33333333333333,5.5,5,4,5,5,3.78260869565217,3.6,4,5,"Gen Z"
"81","R_70S4TiTmthsmMw7",100,725,1,35,"weiblich","(Fach-)Abitur",1,"Stadt",2310,1,"Ja","8","3","2","9","1","6","7","5","4",6,1,6,6,5,4,2,1,3,5,5,6,5,5,4,4,6,6,6,4,1,1,1,1,6,6,6,6,6,6,2,3,3,6,6,6,4,6,6,6,6,5,5,5,5,5,5,5,5,4,5,5,5,5,5,5,5,3,2,5,5,5,5,5,"Artikel auf Websites von Zeitungen oder Zeitschriften, Plakate in der Stadt, Artikel/Beiträge auf Instagram",725,FALSE,6,1.95238095238095,1.87245762594928,77,0.838981928682804,2,NA,52.9940637061443,FALSE,4.75,4.08333333333333,5.5,1,6,5.5,6,2.66666666666667,6,6,4.73913043478261,5,5,4,"Millennials"
"82","R_717BOguEoAmmZX7",100,384,1,26,"weiblich","(Fach-)Hochschulabschluss",1,"Stadt",27810,1,"Ja","9","3","2","4","1","8","7","6","5",5,5,5,5,6,1,6,6,6,6,6,6,4,4,4,5,5,5,6,6,2,2,2,2,6,6,6,5,5,5,5,4,4,6,5,5,4,5,6,6,6,5,5,5,4,4,5,4,4,4,4,5,5,4,5,5,5,2,4,4,5,4,5,5,"Artikel auf Websites von Zeitungen oder Zeitschriften, Artikel auf Websites von Radio- oder Fernsehsendern, Artikel auf Websites anderer Anbieter, Artikel/Beiträge auf Instagram",384,FALSE,6,2.5625,1.35205354201962,77,0.695474604446089,2,NA,58.1102839065245,FALSE,5,5,5.5,2,6,5,5,4.33333333333333,5.66666666666667,6,4.43478260869565,4.2,4.75,5,"Millennials"
"83","R_7EnZHkrebxBrP4S",100,576,1,39,"weiblich","(Fach-)Hochschulabschluss",1,"Stadt",2310,1,"Ja","8","1","5","7","2","4","9","6","3",2,2,2,2,6,4,5,5,5,5,6,6,5,6,4,4,6,6,6,5,1,1,1,1,6,6,6,6,6,6,6,6,6,6,6,6,6,6,6,6,7,3,5,3,5,5,5,5,4,4,4,5,3,5,4,4,4,3,5,5,5,5,5,5,"Artikel auf Websites von Zeitungen oder Zeitschriften, Plakate in der Stadt, Artikel/Beiträge auf Instagram",576,FALSE,16,3.15384615384615,1.79667714976503,77,0.927092871138601,2,NA,31.2908339313259,FALSE,2,5.08333333333333,5.75,1,6,6,6,6,6,7,4.39130434782609,4.8,4.5,5,"Millennials"
"84","R_7eY2a72IpRfph1T",100,918,1,20,"männlich","(Fach-)Abitur",1,"Stadt",235710,2,"Nein","9","3","1","5","2","4","8","7","6",6,5,5,5,5,5,3,3,5,5,6,5,4,5,2,4,6,5,5,5,2,2,2,2,5,5,5,5,5,5,4,5,5,5,6,5,6,6,5,5,5,5,5,5,3,3,3,3,4,3,5,4,5,5,5,5,3,2,4,3,4,5,4,5,"Artikel auf Websites von Zeitungen oder Zeitschriften, Plakate in der Stadt, Fernsehnachrichten, Artikel auf Websites von Radio- oder Fernsehsendern, Artikel/Beiträge auf Instagram",918,FALSE,6,2.05,1.18063645506328,77,0.80355634012705,2,NA,17.5384647229773,FALSE,5.25,4.33333333333333,5.25,2,5,5.5,5,4.66666666666667,5.33333333333333,5,4.04347826086957,3.2,4.75,4,"Gen Z"
"85","R_7FDhCiCSNyifn5P",100,3029,1,24,"weiblich","Realschulabschluss (Mittlere Reife)",1,"Stadt",1011,1,"Nein","7","4","5","9","3","2","8","6","1",4,5,5,6,5,4,2,2,4,2,4,3,3,5,4,3,4,4,3,3,3,2,2,2,3,2,3,4,4,4,5,5,5,5,5,5,5,4,4,4,5,3,4,4,4,4,4,4,4,4,1,5,1,4,5,3,3,3,5,3,5,4,3,3,"Artikel/Beiträge auf Instagram, Artikel/Beiträge auf anderen sozialen Medien",3029,FALSE,7,1.78260869565217,1.1229317030684,77,0.384209303499049,2,NA,39.2254011922784,FALSE,5,3.41666666666667,3.5,2.25,2.66666666666667,5,4,5,4,5,3.60869565217391,4,2.75,3,"Millennials"
"86","R_7g0U1TnXED8jerY",100,750,1,24,"männlich","(Fach-)Hochschulabschluss",1,"Stadt",45,1,"Nein","7","1","3","5","2","4","9","8","6",5,5,5,4,5,5,5,6,5,4,4,4,3,4,4,3,6,6,5,4,3,2,3,2,5,5,6,6,5,4,5,6,6,6,5,5,3,6,6,6,7,5,5,4,4,2,2,4,2,5,4,2,3,3,2,3,2,2,4,5,5,4,5,5,"Radio, Fernsehnachrichten",750,FALSE,3,1.57692307692308,1.20466572633039,77,0.577557214287077,2,NA,37.8055439646634,FALSE,4.75,4.33333333333333,5.25,2.5,5.33333333333333,4.75,5,5.66666666666667,6,7,3.56521739130435,2.8,4,5,"Millennials"
"87","R_7gzpc9nyAysO8b6",100,1124,1,61,"weiblich","(Fach-)Abitur",1,"Stadtrand",14,1,"Ja","3","9","8","4","2","1","6","7","5",5,5,4,5,5,5,5,4,5,5,5,5,2,5,5,5,5,4,5,4,2,2,2,2,4,4,4,6,6,6,4,5,5,5,4,5,4,5,5,5,3,5,5,5,5,4,4,4,4,4,4,4,4,4,5,5,4,1,4,5,4,3,3,3,"Gedruckte Zeitungen/Zeitschriften, Radio",1124,FALSE,4,2.05,1.0948883449032,77,0.505099179787843,2,NA,28.6326441312455,FALSE,4.75,4.66666666666667,4.5,2,4,4.5,6,4.66666666666667,5,3,4.04347826086957,4.2,3.5,4,"Babyboomer"
"88","R_7hTLHlo5QXarm13",100,602,1,20,"weiblich","(Fach-)Abitur",1,"Stadt",28,1,"Ja","9","2","1","6","3","5","8","7","4",6,6,3,6,6,5,5,5,6,6,6,6,2,5,3,5,5,5,5,5,1,1,1,1,5,5,5,3,4,3,5,4,5,5,6,6,4,4,3,5,5,4,4,4,4,2,2,2,1,2,1,5,5,2,5,5,4,1,4,2,2,4,4,5,"Artikel auf Websites von Zeitungen oder Zeitschriften, Artikel auf Websites anderer Anbieter",602,FALSE,5,1.95238095238095,1.5337662874083,77,0.704905742979002,2,NA,39.4453213086483,FALSE,5.25,5,5,1,5,5.25,3.33333333333333,4.66666666666667,4,5,3.21739130434783,2.2,4,4,"Gen Z"
"89","R_7jYPtOVGyOHKDCN",100,650,1,28,"männlich","(Fach-)Hochschulabschluss",1,"Stadt",123910,1,"Nein","7","3","2","1","4","5","9","8","6",6,6,5,6,6,6,4,4,6,5,6,6,6,6,5,5,5,5,5,3,1,3,2,2,4,5,3,5,6,4,2,3,2,6,6,5,4,5,4,4,3,4,5,5,4,2,2,4,3,4,4,5,5,5,5,5,2,2,2,5,5,4,5,4,"Gedruckte Zeitungen/Zeitschriften, Artikel auf Websites von Zeitungen oder Zeitschriften, Plakate in der Stadt, Artikel/Beiträge auf Facebook, Artikel/Beiträge auf Instagram",650,FALSE,5,1.51851851851852,1.43390988593273,77,0.456457883907892,2,NA,48.0866795363813,FALSE,5.75,5.41666666666667,4.5,2,4,5.25,5,2.33333333333333,4.33333333333333,3,3.95652173913043,3,4.75,5,"Millennials"
"90","R_7k65IzJtuXs5osx",100,426,1,32,"weiblich","(Fach-)Hochschulabschluss",1,"Nicht in der Städteregion Aachen",2345,1,"Ja","9","4","1","6","3","2","7","8","5",3,1,2,1,6,6,6,6,6,6,6,6,5,5,5,4,4,5,5,5,2,2,2,2,4,4,4,4,4,4,3,4,4,6,6,6,6,6,5,5,6,4,4,3,4,4,4,2,4,3,3,3,4,3,5,4,2,4,4,2,2,2,3,3,"Artikel auf Websites von Zeitungen oder Zeitschriften, Plakate in der Stadt, Radio, Fernsehnachrichten",426,FALSE,8,2.73333333333333,1.54998033032366,77,0.754455794126485,2,NA,29.9803072860261,FALSE,1.75,5.58333333333333,4.75,2,4,6,4,3.66666666666667,5.33333333333333,6,3.30434782608696,3.6,3.25,5,"Millennials"
"91","R_84vmtfpOCoYwvmj",100,3000,1,26,"männlich","(Fach-)Abitur",1,"Stadt",237810,1,"Ja","7","2","3","9","1","5","8","6","4",5,5,5,5,5,4,4,5,4,4,3,4,5,5,5,5,2,2,3,1,2,2,2,2,2,3,3,3,4,4,2,3,4,5,5,5,5,2,2,2,2,3,2,2,1,1,3,1,2,2,2,1,3,3,4,5,3,2,2,1,2,3,1,3,"Artikel auf Websites von Zeitungen oder Zeitschriften, Plakate in der Stadt, Artikel auf Websites von Radio- oder Fernsehsendern, Artikel auf Websites anderer Anbieter, Artikel/Beiträge auf Instagram",3000,FALSE,5,2.27777777777778,1.30570978734958,77,0.586772799558974,2,NA,38.4573661660592,FALSE,5,4.41666666666667,2,2,2.66666666666667,5,3.66666666666667,3,2,2,2.26086956521739,1.6,2.5,4,"Millennials"
"92","R_85Xy57ToBScCdof",100,546,1,25,"männlich","(Fach-)Hochschulabschluss",1,"Stadtrand",1310,1,"Ja","9","1","4","6","2","3","7","8","5",3,6,3,4,3,2,2,1,2,3,4,2,5,4,4,5,4,4,4,4,2,2,2,2,5,5,5,5,5,5,5,5,5,5,5,5,5,1,1,1,1,5,5,4,1,1,1,4,1,2,4,4,4,4,4,4,5,1,5,4,1,5,4,5,"Gedruckte Zeitungen/Zeitschriften, Plakate in der Stadt, Artikel/Beiträge auf Instagram",546,FALSE,13,2.27777777777778,1.51737899826979,77,0.322690160971854,2,NA,47.9021244891782,FALSE,4,3.08333333333333,4,2,5,5,5,5,1,1,3.39130434782609,1.6,4.25,5,"Millennials"
"93","R_8AYhVnH58FF1MUk",100,703,1,20,"weiblich","Realschulabschluss (Mittlere Reife)",1,"Land",11,1,"Ja","9","5","4","7","8","3","6","2","1",6,6,5,6,5,5,4,3,6,5,6,6,5,5,2,4,1,1,2,2,3,3,3,3,1,2,2,2,3,2,2,2,2,1,3,1,1,2,2,2,1,1,2,1,2,1,1,3,2,5,3,2,2,4,5,3,2,1,2,1,2,2,3,1,"Artikel/Beiträge auf anderen sozialen Medien",703,FALSE,4,1.70833333333333,1.73486486435139,77,0.873571716143353,2,NA,48.072396578174,FALSE,5.75,4.66666666666667,1.5,3,1.66666666666667,1.5,2.33333333333333,2,2,1,2.21739130434783,1.8,2.5,3,"Gen Z"
"94","R_8ffW4jyjUAQOu37",100,772,1,51,"männlich","(Fach-)Hochschulabschluss",1,"Stadt",348911,1,"Ja","9","5","1","6","2","3","8","7","4",6,6,6,2,5,4,4,4,5,5,5,5,4,5,4,4,4,4,5,4,1,1,1,1,5,4,4,4,4,4,2,3,2,4,6,4,6,4,4,4,5,5,4,5,4,4,5,4,5,4,5,5,4,5,5,5,4,2,2,4,5,2,5,3,"Plakate in der Stadt, Radio, Artikel auf Websites anderer Anbieter, Artikel/Beiträge auf Facebook, Artikel/Beiträge auf anderen sozialen Medien",772,FALSE,5,1.86363636363636,1.39642400437689,77,0.668916247914652,2,NA,42.524996636031,FALSE,5,4.5,4.25,1,4.33333333333333,5,4,2.33333333333333,4,5,4.17391304347826,4.4,4.25,5,"Gen X"
"95","R_8frwuW8AwBhTXD4",100,444,1,36,"weiblich","(Fach-)Hochschulabschluss",1,"Nicht in der Städteregion Aachen",24910,1,"Ja","9","5","2","8","4","3","6","7","1",2,2,2,2,5,5,5,5,5,5,5,5,4,6,5,5,5,5,5,4,2,2,2,3,5,5,5,5,4,4,5,5,5,5,5,5,5,2,2,2,2,2,4,4,4,4,4,4,4,4,5,4,5,4,5,5,4,2,4,4,4,2,3,4,"Artikel auf Websites von Zeitungen oder Zeitschriften, Radio, Artikel/Beiträge auf Facebook, Artikel/Beiträge auf Instagram",444,FALSE,8,3.41666666666667,1.34889295169111,77,0.444762948395354,2,NA,38.493367854056,FALSE,2,5,4.75,2.25,5,5,4.33333333333333,5,2,2,3.8695652173913,4,4,5,"Millennials"
"96","R_8fuWD2M4rrWR6GI",100,395,1,25,"weiblich","(Fach-)Hochschulabschluss",1,"Stadt",11,1,"Nein","6","5","3","9","2","4","8","7","1",6,6,6,6,5,5,4,3,5,5,5,5,5,4,3,5,2,2,2,2,2,2,2,2,3,2,2,3,2,2,3,4,4,5,5,5,4,2,2,2,1,1,1,3,2,1,1,1,1,3,2,1,1,1,5,1,1,1,3,1,1,1,1,1,"Artikel/Beiträge auf anderen sozialen Medien",395,FALSE,8,2.15789473684211,1.51818248204242,77,0.911073880726937,2,NA,28.110785090027,FALSE,6,4.5,2,2,2.33333333333333,4.75,2.33333333333333,3.66666666666667,2,1,1.52173913043478,1.2,1,5,"Millennials"
"97","R_8ib9NVE0rVreK7T",100,780,1,59,"männlich","(Fach-)Abitur",1,"Stadtrand",341011,1,"Ja","9","1","2","4","8","3","7","6","5",6,6,5,6,5,4,1,3,2,3,3,3,5,4,4,4,5,4,4,4,3,3,3,3,2,3,3,4,4,4,4,4,4,4,4,3,4,5,5,5,5,3,4,4,3,4,4,2,4,3,2,4,4,4,5,4,1,1,3,3,4,1,3,1,"Plakate in der Stadt, Radio, Artikel/Beiträge auf Instagram, Artikel/Beiträge auf anderen sozialen Medien",780,FALSE,8,2.05,1.09098299823555,77,0.348888005435836,2,NA,42.0116658472642,FALSE,5.75,3.41666666666667,4.25,3,2.66666666666667,3.75,4,4,5,5,3.08695652173913,3.4,3,4,"Babyboomer"
"98","R_8L0BO7u6kXTzsYK",100,504,1,25,"weiblich","(Fach-)Abitur",1,"Stadt",1011,2,"Nein","2","1","5","4","3","8","9","7","6",6,1,4,4,3,4,1,1,3,5,4,6,6,5,3,3,5,5,5,2,2,2,2,3,1,1,1,1,1,1,2,5,5,4,4,4,5,5,4,4,5,5,3,4,2,4,4,3,3,3,3,3,4,4,5,4,3,2,4,3,4,4,4,1,"Artikel/Beiträge auf Instagram, Artikel/Beiträge auf anderen sozialen Medien",504,FALSE,6,1.86363636363636,1.66967208698258,77,0.214463119759981,2,NA,57.9692092870609,FALSE,3.75,3.66666666666667,4.25,2.25,1,4.25,1,4,4.33333333333333,5,3.43478260869565,3.2,3.25,4,"Millennials"
"99","R_8lkyyEVzYmHtH9v",100,1056,1,31,"weiblich","(Fach-)Abitur",1,"Stadt",3910,1,"Nein","4","1","2","9","8","5","6","7","3",5,5,4,5,5,4,3,3,6,6,6,6,4,5,4,2,3,1,2,1,2,2,2,2,2,2,4,3,3,3,2,2,2,6,6,6,3,3,2,2,2,4,3,4,3,3,3,3,3,2,3,4,4,4,4,3,3,3,1,2,3,3,1,3,"Plakate in der Stadt, Artikel/Beiträge auf Facebook, Artikel/Beiträge auf Instagram",1056,FALSE,6,1.95238095238095,1.59763544790113,77,0.724842913280311,2,NA,37.477504305995,FALSE,4.75,4.5,1.75,2,2.66666666666667,5.25,3,2,2.33333333333333,2,3,3,3,4,"Millennials"
"100","R_8Lps9q0ZwsJnRLP",100,541,1,31,"weiblich","(Fach-)Hochschulabschluss",1,"Stadt",211,2,"Nein","2","1","3","9","5","4","7","8","6",5,5,5,5,3,3,1,1,4,5,4,5,3,5,3,4,1,1,1,1,2,2,4,4,1,1,1,4,4,4,3,3,3,6,6,4,5,1,1,1,1,1,3,4,1,2,3,2,3,5,5,3,2,3,5,3,1,1,3,1,3,3,1,1,"Artikel auf Websites von Zeitungen oder Zeitschriften, Artikel/Beiträge auf anderen sozialen Medien",541,FALSE,4,1.95238095238095,1.6791403143043,77,0.787044706892272,2,NA,40.4154237897409,FALSE,5,3.41666666666667,1,3,1,5.25,4,3,1,1,2.56521739130435,2.2,1.75,5,"Millennials"
"101","R_8LvrBAs5arv2EoX",100,640,1,26,"weiblich","(Fach-)Hochschulabschluss",1,"Stadt",310,2,"Nein","1","2","3","7","4","6","9","8","5",6,5,4,4,4,4,3,3,5,5,6,5,5,5,5,5,6,6,6,5,2,2,2,2,5,5,6,5,5,5,5,5,5,5,5,5,4,6,6,6,7,5,5,5,5,4,5,5,4,4,4,5,5,5,5,5,5,2,3,5,5,5,5,4,"Plakate in der Stadt, Artikel/Beiträge auf Instagram",640,FALSE,9,2.5625,1.22025587080903,77,0.782080071912522,2,NA,20.5168388719827,FALSE,4.75,4.58333333333333,5.75,2,5.33333333333333,4.75,5,5,6,7,4.56521739130435,4.6,4.75,5,"Millennials"
"102","R_8mkCkW11JV6Whh4",100,1508,1,56,"männlich","(Fach-)Abitur",1,"Land",25810,1,"Ja","9","3","2","1","5","4","8","7","6",5,5,3,4,5,4,2,2,5,5,5,5,5,4,4,4,5,5,5,2,2,2,2,2,5,5,5,5,4,3,3,4,4,5,5,5,5,5,4,4,2,5,5,5,3,3,4,3,2,4,4,5,5,5,5,5,5,2,2,5,5,3,4,4,"Artikel auf Websites von Zeitungen oder Zeitschriften, Fernsehnachrichten, Artikel auf Websites anderer Anbieter, Artikel/Beiträge auf Instagram",1508,FALSE,5,2.41176470588235,1.17234391025093,77,0.36626534889023,2,NA,33.7012182756078,FALSE,4.25,4.16666666666667,4.25,2,5,5,4,3.66666666666667,4.33333333333333,2,4.04347826086957,3,4.5,4,"Babyboomer"
"103","R_8nsA6NVe0K3XPS9",100,782,1,25,"weiblich","(Fach-)Abitur",1,"Stadt",10,2,"Nein","7","2","1","6","5","3","9","8","4",6,2,3,5,5,3,1,3,5,4,6,5,2,1,2,6,4,1,3,1,2,3,3,1,1,1,1,4,3,3,3,2,2,5,5,4,5,1,2,1,2,3,4,4,3,3,4,2,3,3,3,3,4,2,5,2,1,2,2,2,4,3,2,4,"Artikel/Beiträge auf Instagram",782,FALSE,4,1.28125,1.63535630487745,77,0.467263877907189,2,NA,58.0580846057256,FALSE,4,3.58333333333333,2.25,2.25,1,4.75,3.33333333333333,2.33333333333333,1.33333333333333,2,2.95652173913043,3,3,4,"Millennials"
"104","R_8P561XRGezguzMB",100,972,1,27,"weiblich","(Fach-)Abitur",1,"Stadt",31011,1,"Ja","9","1","3","6","2","7","5","8","4",2,2,1,2,6,6,6,3,6,6,6,6,5,5,5,5,1,2,2,2,2,3,4,3,1,1,4,3,2,2,4,4,2,5,5,5,5,2,2,2,1,4,3,4,4,4,4,2,3,4,4,4,4,4,5,4,3,2,3,1,2,3,1,1,"Plakate in der Stadt, Artikel/Beiträge auf Instagram, Artikel/Beiträge auf anderen sozialen Medien",972,FALSE,4,1.95238095238095,1.76137418636423,77,0.688531300897217,2,NA,57.2632918632157,FALSE,1.75,5.41666666666667,1.75,3,2,5,2.33333333333333,3.33333333333333,2,1,3.17391304347826,3.4,2.5,4,"Millennials"
"105","R_8Q0JU2Ol2QNimLm",100,650,1,25,"männlich","(Fach-)Hochschulabschluss",1,"Stadt",2310,2,"Nein","4","2","3","6","1","7","9","8","5",5,3,3,3,6,5,4,6,6,5,6,6,6,5,5,5,5,5,6,4,1,2,1,1,4,5,4,6,5,6,3,4,4,6,6,6,6,6,6,6,5,4,5,4,3,4,2,4,3,4,5,5,5,5,5,4,4,1,2,4,5,5,2,5,"Artikel auf Websites von Zeitungen oder Zeitschriften, Plakate in der Stadt, Artikel/Beiträge auf Instagram",650,FALSE,7,1.70833333333333,1.50729931317977,77,0.61969680028164,2,NA,33.4001195288839,FALSE,3.5,5.41666666666667,5,1.25,4.33333333333333,6,5.66666666666667,3.66666666666667,6,5,3.91304347826087,3.2,4.25,5,"Millennials"
"106","R_8qaR3yGm9iLYDpm",100,636,1,23,"weiblich","(Fach-)Hochschulabschluss",1,"Stadt",21011,2,"Nein","6","5","2","7","3","1","9","8","4",5,5,4,5,5,4,4,4,4,5,4,5,4,4,3,4,4,4,4,4,3,3,3,3,4,4,4,4,4,4,4,4,4,4,4,4,4,4,3,3,4,3,3,2,2,2,2,3,2,3,3,3,3,4,4,4,3,2,3,3,3,3,2,3,"Artikel auf Websites von Zeitungen oder Zeitschriften, Artikel/Beiträge auf Instagram, Artikel/Beiträge auf anderen sozialen Medien",636,FALSE,14,2.92857142857143,0.569552669998517,77,0.413728748191127,2,NA,14.3092866399018,FALSE,4.75,4.16666666666667,4,3,4,4,4,4,3.33333333333333,4,2.82608695652174,2.2,3,5,"Gen Z"
"107","R_8QH40cSUAoO9yR5",100,357,1,29,"männlich","(Fach-)Hochschulabschluss",1,"Stadt",3911,1,"Nein","5","4","3","7","2","1","9","8","6",6,6,5,6,4,4,2,3,6,5,5,5,5,5,4,5,3,4,4,2,3,4,3,4,4,4,4,4,4,4,4,4,4,4,4,4,4,4,4,4,4,3,3,3,3,3,3,3,3,3,3,3,3,3,3,3,3,3,3,3,3,3,3,3,"Plakate in der Stadt, Artikel/Beiträge auf Facebook, Artikel/Beiträge auf anderen sozialen Medien",357,FALSE,18,2.41176470588235,0.919305145868069,77,0.504951649120007,2,NA,44.1518215685503,FALSE,5.75,4.41666666666667,3.25,3.5,4,4,4,4,4,4,3,3,3,5,"Millennials"
"108","R_8r0sdyxf4GRFBx7",100,777,1,38,"weiblich","(Fach-)Hochschulabschluss",1,"Stadtrand",2610,1,"Ja","9","3","1","6","8","5","7","4","2",4,4,4,5,6,6,5,5,6,4,5,6,2,4,3,4,5,4,4,4,2,2,2,2,5,5,5,4,4,4,5,5,5,5,5,5,5,5,5,5,4,4,4,4,4,4,4,4,4,4,4,4,4,4,4,4,4,2,4,4,4,4,4,4,"Artikel auf Websites von Zeitungen oder Zeitschriften, E-Mail Newsletter, Artikel/Beiträge auf Instagram",777,FALSE,10,2.15789473684211,1.11256679711772,77,0.6356783919598,2,NA,37.0446391436064,FALSE,4.25,4.66666666666667,4.25,2,5,5,4,5,5,4,3.91304347826087,4,4,5,"Millennials"
"109","R_8v8NRXJ08iNX0lS",100,555,1,23,"weiblich","(Fach-)Abitur",1,"Stadt",237810,1,"Nein","5","2","1","7","4","6","9","8","3",5,4,2,3,5,6,5,4,5,5,6,6,6,6,4,5,5,5,5,5,1,1,1,2,5,5,5,4,5,4,5,5,6,6,5,5,5,6,5,5,5,5,5,4,4,4,4,5,3,4,3,4,5,5,5,5,4,2,5,5,5,4,4,3,"Artikel auf Websites von Zeitungen oder Zeitschriften, Plakate in der Stadt, Artikel auf Websites von Radio- oder Fernsehsendern, Artikel auf Websites anderer Anbieter, Artikel/Beiträge auf Instagram",555,FALSE,5,1.78260869565217,1.37796244063649,77,0.79601287380153,2,NA,32.8664626597838,FALSE,3.5,5.25,5,1.25,5,5.25,4.33333333333333,5.33333333333333,5.33333333333333,5,4.21739130434783,4,4.25,4,"Gen Z"
