StartDate,EndDate,Status,IPAddress,Progress,Duration (in seconds),Finished,RecordedDate,ResponseId,RecipientLastName,RecipientFirstName,RecipientEmail,ExternalReference,LocationLatitude,LocationLongitude,DistributionChannel,UserLanguage,participation,age,gender,education,livesinaachen,region,media channels,license,own_vehicle,preferences_mobility_1,preferences_mobility_2,preferences_mobility_3,preferences_mobility_4,preferences_mobility_5,preferences_mobility_6,preferences_mobility_7,preferences_mobility_8,preferences_mobility_9,driving_climate_1,driving_climate_2,driving_climate_3,driving_climate_4,technology_curios,technology_favor,technology_new,technology_moreoften,technology_scared,technology_overload,technology_destroy,technology_complex,technology_succesful,technology_me,technology_solution,technology_happening,utaut_performance1,utaut_performance2,utaut_performance3,utaut_performance 4,utaut_effort1,utaut_effort2,utaut_effort3,utaut_effort4,utaut_social1,utaut_social2,utaut_social3,utaut_hedonic1,utaut_hedonic2,utaut_hedonic3,utaut_pricevalue1,utaut_pricevalue2,utaut_pricevalue3,utaut_fascilitating1,utaut_fascilitating2,utaut_fascilitating3,utaut_fascilitating4,utaut_behavioral1,utaut_behavioral2,utaut_behavioral3,utaut_useintention,Sem_Diff_Ziefle_1,Sem_Diff_Ziefle_2,Sem_Diff_Ziefle_3,Sem_Diff_Ziefle_4,Sem_Diff_Ziefle_5,Sem_Diff_Ziefle_6,Sem_Diff_Ziefle_7,Sem_Diff_Ziefle_8,Sem_Diff_Ziefle_9,Sem_Diff_Ziefle_10,Sem_Diff_Ziefle_11,Sem_Diff_Ziefle_12,Sem_Diff_Ziefle_13,Sem_Diff_Ziefle_14,Sem_Diff_Ziefle_15,Sem_Diff_Ziefle_16,Sem_Diff_Ziefle_17,Sem_Diff_Ziefle_18,Sem_Diff_Ziefle_19,Sem_Diff_Ziefle_20,Sem_Diff_Ziefle_21,Sem_Diff_Ziefle_22,Sem_Diff_Ziefle_23
Anfangsdatum,Enddatum,Antworttyp,IP-Adresse,Aktueller Stand,Dauer (in Sekunden),Beendet,Erfassungsdatum,Antwort-ID,Nachname des Empfängers,Vorname des Empfängers,E-Mail des Empfängers,Externe Datenreferenz,Breitengrad des Standorts,Längengrad des Standorts,Verteilungskanal,Benutzersprache,Bitte treffen Sie eine Wahl,Bitte geben Sie Ihr Alter in Jahren an.,Welchem Geschlecht fühlen Sie sich zugehörig?,Bitte geben Sie Ihren höchsten Bildungsabschluss an.,Wohnen oder arbeiten Sie in der Städteregion Aachen?,Bitte geben Sie Ihre Wohnlage an.,"Bitte geben Sie an, auf welchen Wegen Sie sich über Neuigkeiten aus der Städteregion Aachen informieren (Mehrfachantworten möglich).",Besitzen Sie einen KFZ-Führerschein?,Besitzen Sie ein eigenes Fahrzeug?,"Welches Verkehrsmittel nutzen Sie am häufigsten? Bitte bringen Sie die folgenden Verkehrsmittel der Häufigkeit nach in eine Reihenfolge. 1 = Benutze ich am häufigsten, 9 = Benutze ich am seltensten. - Auto","Welches Verkehrsmittel nutzen Sie am häufigsten? Bitte bringen Sie die folgenden Verkehrsmittel der Häufigkeit nach in eine Reihenfolge. 1 = Benutze ich am häufigsten, 9 = Benutze ich am seltensten. - E-Auto","Welches Verkehrsmittel nutzen Sie am häufigsten? Bitte bringen Sie die folgenden Verkehrsmittel der Häufigkeit nach in eine Reihenfolge. 1 = Benutze ich am häufigsten, 9 = Benutze ich am seltensten. - Roller/Mofa/Motorrad","Welches Verkehrsmittel nutzen Sie am häufigsten? Bitte bringen Sie die folgenden Verkehrsmittel der Häufigkeit nach in eine Reihenfolge. 1 = Benutze ich am häufigsten, 9 = Benutze ich am seltensten. - Fahrrad","Welches Verkehrsmittel nutzen Sie am häufigsten? Bitte bringen Sie die folgenden Verkehrsmittel der Häufigkeit nach in eine Reihenfolge. 1 = Benutze ich am häufigsten, 9 = Benutze ich am seltensten. - E-Fahrrad","Welches Verkehrsmittel nutzen Sie am häufigsten? Bitte bringen Sie die folgenden Verkehrsmittel der Häufigkeit nach in eine Reihenfolge. 1 = Benutze ich am häufigsten, 9 = Benutze ich am seltensten. - E-Roller","Welches Verkehrsmittel nutzen Sie am häufigsten? Bitte bringen Sie die folgenden Verkehrsmittel der Häufigkeit nach in eine Reihenfolge. 1 = Benutze ich am häufigsten, 9 = Benutze ich am seltensten. - Bus","Welches Verkehrsmittel nutzen Sie am häufigsten? Bitte bringen Sie die folgenden Verkehrsmittel der Häufigkeit nach in eine Reihenfolge. 1 = Benutze ich am häufigsten, 9 = Benutze ich am seltensten. - Bahn (S-Bahn, Regionalbahn, Fernverkehr)","Welches Verkehrsmittel nutzen Sie am häufigsten? Bitte bringen Sie die folgenden Verkehrsmittel der Häufigkeit nach in eine Reihenfolge. 1 = Benutze ich am häufigsten, 9 = Benutze ich am seltensten. - Taxi",Nun möchten wir mehr über Ihre Einstellung in Bezug auf Autofahren und Klimaschutz erfahren. - Der ansteigende Autoverkehr ist ein großes Problem für den Umweltschutz.,Nun möchten wir mehr über Ihre Einstellung in Bezug auf Autofahren und Klimaschutz erfahren. - Der Anteil des Autoverkehrs an der Umweltzerstörung wird von den Medien unnötig hochgespielt.,"Nun möchten wir mehr über Ihre Einstellung in Bezug auf Autofahren und Klimaschutz erfahren. - Ich mache mir Sorgen, wenn ich an die Umweltzerstörung durch das Autofahren denke.",Nun möchten wir mehr über Ihre Einstellung in Bezug auf Autofahren und Klimaschutz erfahren. - Der Autoverkehr bereitet mir hinsichtlich der möglichen Umweltauswirkungen keine ernsthaften Sorgen.,Hinsichtlich technischer Neuentwicklungen bin ich sehr neugierig.,Ich finde schnell Gefallen an technischen Neuentwicklungen.,"Ich bin stets daran interessiert, die neuesten technischen Geräte zu verwenden.","Wenn ich Gelegenheit dazu hätte, würde ich noch viel häufiger technische Produkte nutzen als ich das gegenwärtig tue.","Im Umgang mit moderner Technik habe ich oft Angst, zu versagen.",Für mich stellt der Umgang mit technischen Neuerungen zumeist eine Überforderung dar.,"Ich habe Angst, technische Neuentwicklungen eher kaputt zu machen als dass ich sie richtig benutze.",Den Umgang mit neuer Technik finde ich schwierig - ich kann das meistens einfach nicht.,"Ob ich erfolgreich in der Anwendung moderner Technik bin, hängt im Wesentlichen von mir ab.","Es liegt in meiner Hand, ob mir die Nutzung technischher Neuentwicklungen gelingt - mit Zufall oder Glück hat das wenig zu tun.","Wenn ich im Umgang mit Technik Schwierigkeiten habe, hängt es schlussendlich allein von mir ab, dass ich sie löse.","Das, was passiert, wenn ich mich mit technischen Neuentwicklungen beschäftige, obliegt letztlich meiner Kontrolle.",Ich empfinde den upBUS in meinem Alltag als nützlich.,"Die Nutzung des upBUS erhöht meine Chancen, Dinge zu erreichen, die mir wichtig sind.","Die Nutzung des upBUS hilft mir dabei, Dinge schneller zu erreichen.",Die Nutzung des upBUS erhöht meine Produktivität.,"Zu lernen, wie man den upBUS nutzt, ist einfach für mich.",Meine Interaktion mit dem upBUS ist klar und verständlich.,"Ich finde, der upBUS ist einfach zu benutzen.","Es ist einfach für mich, geübt im Nutzen des upBUS zu werden.","Personen, die mir wichtig sind, würden denken, ich sollte den upBUS nutzen.","Personen, die mein Verhalten beeinflussen, würden denken, ich sollte den upBUS nutzen.","Personen, deren Meinung ich schätze, würden befürworten, dass ich den upBUS nutze.","Den upBUS zu nutzen, macht Spaß.","Den upBUS zu nutzen, ist vergnüglich.","Den upBUS zu nutzen, ist sehr unterhaltsam.",Der upBUS ist preisgünstig.,Der upBUS bietet einen guten Nutzen für das Geld.,Zum angegebenen Preis bietet der upBUS einen guten Nutzen.,"Ich habe die notwendigen Ressourcen, um den upBUS zu nutzen.","Ich habe das notwendige Wissen, um den upBUS zu nutzen.",Der upBUS ist kompatibel mit anderen von mir benutzten Technologien und Anwendungen.,"Ich kann Hilfe von anderen bekommen, wenn ich Schwierigkeiten beim Nutzen des upBUS habe.","Ich würde beabsichtigen, den upBUS in der Zukunft zu nutzen.","Ich würde im Alltag immer versuchen, den upBUS zu nutzen.","Ich hätte vor, regelmäßig den upBUS zu nutzen.",Bitte wählen Sie Ihre beabsichtigte Nutzungshäufigkeit des upBUS aus:,Ich finde den upBUS... - nicht verkehrstauglich:verkehrstauglich,Ich finde den upBUS... - feindlich:freundlich,Ich finde den upBUS... - unübersichtlich:übersichtlich,Ich finde den upBUS... - nicht vertraunswürdig:vertrauenswürdig,Ich finde den upBUS... - riskant:berechenbar,Ich finde den upBUS... - unkontrollierbar:kontrollierbar,Ich finde den upBUS... - angreifbar:beschützt,Ich finde den upBUS... - beängstigend:beruhigend,Ich finde den upBUS... - spionierend:abgeschirmt,Ich finde den upBUS... - datenunsicher:datensicher,Ich finde den upBUS... - unbequem:bequem,Ich finde den upBUS... - zeitaufwendig:zeitsparend,Ich finde den upBUS... - stressig im Straßenverkehr:entspannend im Straßenverkehr,Ich finde den upBUS... - traditionell:neuartig,Ich finde den upBUS... - langweilig:faszinierend,Ich finde den upBUS... - sperrig:elegant,Ich finde den upBUS... - ungewohnt:gewohnt,Ich finde den upBUS... - teuer:erschwinglich,Ich finde den upBUS... - kurzlebig:nachhaltig,Ich finde den upBUS... - umweltschädlich:umweltfreundlich,Ich finde den upBUS... - schlecht angebunden:gut angebunden,Ich finde den upBUS... - ineffizient:effizient,Ich finde den upBUS... - unflexibel:flexibel
"{""ImportId"":""startDate"",""timeZone"":""Europe/Berlin""}","{""ImportId"":""endDate"",""timeZone"":""Europe/Berlin""}","{""ImportId"":""status""}","{""ImportId"":""ipAddress""}","{""ImportId"":""progress""}","{""ImportId"":""duration""}","{""ImportId"":""finished""}","{""ImportId"":""recordedDate"",""timeZone"":""Europe/Berlin""}","{""ImportId"":""_recordId""}","{""ImportId"":""recipientLastName""}","{""ImportId"":""recipientFirstName""}","{""ImportId"":""recipientEmail""}","{""ImportId"":""externalDataReference""}","{""ImportId"":""locationLatitude""}","{""ImportId"":""locationLongitude""}","{""ImportId"":""distributionChannel""}","{""ImportId"":""userLanguage""}","{""ImportId"":""QID96""}","{""ImportId"":""QID1_TEXT""}","{""ImportId"":""QID2""}","{""ImportId"":""QID3""}","{""ImportId"":""QID87""}","{""ImportId"":""QID4""}","{""ImportId"":""QID99""}","{""ImportId"":""QID30""}","{""ImportId"":""QID31""}","{""ImportId"":""QID32_1""}","{""ImportId"":""QID32_2""}","{""ImportId"":""QID32_3""}","{""ImportId"":""QID32_4""}","{""ImportId"":""QID32_5""}","{""ImportId"":""QID32_6""}","{""ImportId"":""QID32_7""}","{""ImportId"":""QID32_8""}","{""ImportId"":""QID32_9""}","{""ImportId"":""QID97_1""}","{""ImportId"":""QID97_2""}","{""ImportId"":""QID97_3""}","{""ImportId"":""QID97_4""}","{""ImportId"":""QID35""}","{""ImportId"":""QID36""}","{""ImportId"":""QID37""}","{""ImportId"":""QID38""}","{""ImportId"":""QID39""}","{""ImportId"":""QID40""}","{""ImportId"":""QID41""}","{""ImportId"":""QID42""}","{""ImportId"":""QID43""}","{""ImportId"":""QID44""}","{""ImportId"":""QID45""}","{""ImportId"":""QID46""}","{""ImportId"":""QID100""}","{""ImportId"":""QID101""}","{""ImportId"":""QID102""}","{""ImportId"":""QID103""}","{""ImportId"":""QID108""}","{""ImportId"":""QID109""}","{""ImportId"":""QID110""}","{""ImportId"":""QID111""}","{""ImportId"":""QID113""}","{""ImportId"":""QID114""}","{""ImportId"":""QID115""}","{""ImportId"":""QID117""}","{""ImportId"":""QID118""}","{""ImportId"":""QID119""}","{""ImportId"":""QID121""}","{""ImportId"":""QID122""}","{""ImportId"":""QID123""}","{""ImportId"":""QID125""}","{""ImportId"":""QID126""}","{""ImportId"":""QID127""}","{""ImportId"":""QID128""}","{""ImportId"":""QID130""}","{""ImportId"":""QID131""}","{""ImportId"":""QID132""}","{""ImportId"":""QID92""}","{""ImportId"":""QID93_1""}","{""ImportId"":""QID93_2""}","{""ImportId"":""QID93_3""}","{""ImportId"":""QID93_4""}","{""ImportId"":""QID93_5""}","{""ImportId"":""QID93_6""}","{""ImportId"":""QID93_7""}","{""ImportId"":""QID93_8""}","{""ImportId"":""QID93_9""}","{""ImportId"":""QID93_10""}","{""ImportId"":""QID93_11""}","{""ImportId"":""QID93_12""}","{""ImportId"":""QID93_13""}","{""ImportId"":""QID93_14""}","{""ImportId"":""QID93_15""}","{""ImportId"":""QID93_16""}","{""ImportId"":""QID93_17""}","{""ImportId"":""QID93_18""}","{""ImportId"":""QID93_19""}","{""ImportId"":""QID93_20""}","{""ImportId"":""QID93_21""}","{""ImportId"":""QID93_22""}","{""ImportId"":""QID93_23""}"
2024-01-04 08:47:07,2024-01-04 08:59:56,1,,100,768,1,2024-01-04 08:59:57,R_5pnAGga1RhZxGXQ,,,,,50.7932,6.095,preview,DE,1,27,2,5,1,3,"2,3,5",1,2,4,5,8,1,6,7,2,3,9,5,1,5,2,5,5,6,5,2,1,2,2,4,5,5,5,5,4,4,3,3,4,5,5,5,5,5,5,5,4,5,4,5,5,5,3,5,5,3,5,5,5,4,4,4,4,2,2,2,4,2,2,4,2,1,5,1,1,5,1,4,3,1,1
2024-01-04 13:42:03,2024-01-04 13:47:32,0,109.42.179.141,100,328,1,2024-01-04 13:47:32,R_1rvJTxh29UQYIr7,,,,,51.2173,6.774,anonymous,DE,1,28,1,5,1,3,10,1,1,2,8,9,6,7,3,1,4,5,6,1,5,3,5,5,4,3,2,2,2,2,5,5,6,6,5,5,6,3,4,4,3,4,5,5,5,5,5,6,5,4,5,5,4,5,5,5,4,5,5,5,4,5,1,2,2,4,4,3,5,5,5,4,5,5,5,2,4,5,5,5,5,5
2024-01-04 13:42:47,2024-01-04 13:49:57,0,84.62.87.215,100,430,1,2024-01-04 13:49:58,R_2EnWtxWgYnu2wxj,,,,,51.207,6.8058,anonymous,DE,1,22,1,5,1,3,"4,8,10,11",1,2,2,6,8,5,9,7,1,3,4,5,3,5,2,3,5,5,5,5,2,5,1,5,5,5,5,4,5,5,4,5,5,5,5,5,4,4,5,5,4,4,4,5,3,3,3,4,5,4,4,2,3,3,4,4,4,2,4,5,4,4,4,2,4,4,4,4,4,4,4,5,5,3,3
2024-01-04 13:42:44,2024-01-04 13:55:15,0,137.226.118.51,100,750,1,2024-01-04 13:55:16,R_7g0U1TnXED8jerY,,,,,50.7688,6.0758,anonymous,DE,1,24,1,5,1,3,"4,5",1,2,3,9,7,5,8,6,1,2,4,5,2,5,3,5,5,5,6,2,3,3,3,3,4,4,3,6,6,5,4,4,5,4,5,5,5,6,6,5,4,5,6,6,6,5,5,3,6,6,6,7,5,5,4,4,2,2,4,2,5,4,2,3,3,2,3,2,2,4,5,5,4,5,5
2024-01-04 13:45:08,2024-01-04 13:56:11,0,5.145.141.74,100,662,1,2024-01-04 13:56:11,R_31XjpJ4Hv9QFxkd,,,,,50.7661,6.1395,anonymous,DE,1,25,1,4,1,3,"10,11",,,4,5,7,8,9,6,1,2,3,5,3,5,2,5,4,2,3,3,2,1,1,3,4,3,5,5,4,5,3,6,6,6,6,4,4,4,5,5,5,4,4,5,5,5,6,6,5,4,6,4,4,4,3,4,3,4,4,2,4,4,4,4,3,5,4,5,3,2,5,4,4,4,3
2024-01-04 13:58:59,2024-01-04 14:12:02,0,89.1.219.230,100,782,1,2024-01-04 14:12:03,R_8nsA6NVe0K3XPS9,,,,,50.9446,7.0115,anonymous,DE,1,25,2,4,1,3,10,2,2,3,8,9,4,5,7,1,2,6,6,5,3,2,5,3,1,3,2,3,1,2,2,1,2,6,4,1,3,1,5,4,4,6,1,1,1,4,3,3,3,2,2,5,5,4,5,1,2,1,2,3,4,4,3,3,4,2,3,3,3,3,4,2,5,2,1,2,2,2,4,3,2,4
2024-01-04 14:27:02,2024-01-04 14:39:07,0,46.114.108.134,100,725,1,2024-01-04 14:39:08,R_70S4TiTmthsmMw7,,,,,50.9446,7.0115,anonymous,DE,1,35,2,4,1,3,"2,3,10",1,1,2,7,8,1,9,4,3,5,6,6,6,6,1,5,4,2,1,4,2,2,1,5,5,4,4,6,6,6,4,6,6,6,6,6,6,6,6,6,6,2,3,3,6,6,6,4,6,6,6,6,5,5,5,5,5,5,5,5,4,5,5,5,5,5,5,5,3,2,5,5,5,5,5
2024-01-04 14:41:07,2024-01-04 14:43:46,0,146.241.152.191,100,159,1,2024-01-04 14:43:47,R_6ckdDJuEjyiOEnP,,,,,45.9098,8.6147,anonymous,DE,1,23,1,5,1,3,"2,3,7,10,11",1,2,3,4,8,5,9,6,1,2,7,3,3,2,4,4,5,4,4,5,4,3,3,3,4,5,5,4,5,5,5,4,4,5,5,5,5,4,4,3,5,5,5,4,4,3,4,5,5,5,5,5,2,3,5,4,3,3,1,5,3,5,5,5,5,5,5,4,5,4,4,4,2,4,3
2024-01-04 14:01:12,2024-01-04 14:51:13,0,95.223.44.218,100,3000,1,2024-01-04 14:51:13,R_84vmtfpOCoYwvmj,,,,,50.7661,6.1395,anonymous,DE,1,26,1,4,1,3,"2,3,7,8,10",1,1,3,8,7,1,9,5,2,4,6,5,2,5,2,5,4,4,5,3,3,4,3,5,5,5,5,2,2,3,1,5,5,5,5,2,3,3,3,4,4,2,3,4,5,5,5,5,2,2,2,2,3,2,2,1,1,3,1,2,2,2,1,3,3,4,5,3,2,2,1,2,3,1,3
2024-01-04 14:42:07,2024-01-04 14:57:25,0,83.135.243.222,100,918,1,2024-01-04 14:57:26,R_7eY2a72IpRfph1T,,,,,50.7793,6.2154,anonymous,DE,1,20,1,4,1,3,"2,3,5,7,10",2,2,1,7,9,5,8,6,2,3,4,6,2,5,2,5,5,3,3,2,2,1,2,4,5,2,4,6,5,5,5,5,5,5,5,5,5,5,5,5,5,4,5,5,5,6,5,6,6,5,5,5,5,5,5,3,3,3,3,4,3,5,4,5,5,5,5,3,2,4,3,4,5,4,5
2024-01-04 14:41:29,2024-01-04 15:06:37,0,89.15.239.169,100,1508,1,2024-01-04 15:06:38,R_8mkCkW11JV6Whh4,,,,,51.2993,9.491,anonymous,DE,1,56,1,4,1,1,"2,5,8,10",1,1,1,7,8,9,5,6,2,3,4,5,2,3,3,5,4,2,2,2,2,2,2,5,4,4,4,5,5,5,2,5,5,5,5,5,5,5,5,4,3,3,4,4,5,5,5,5,5,4,4,2,5,5,5,3,3,4,3,2,4,4,5,5,5,5,5,5,2,2,5,5,3,4,4
2024-01-04 14:44:02,2024-01-04 15:34:31,0,46.114.106.24,100,3029,1,2024-01-04 15:34:32,R_7FDhCiCSNyifn5P,,,,,50.99,6.964,anonymous,DE,1,24,2,3,1,3,"10,11",1,2,3,6,5,1,7,8,2,4,9,4,2,5,1,5,4,2,2,3,5,3,4,3,5,4,3,4,4,3,3,4,5,5,5,3,2,3,4,4,4,5,5,5,5,5,5,5,4,4,4,5,3,4,4,4,4,4,4,4,4,1,5,1,4,5,3,3,3,5,3,5,4,3,3
2024-01-04 15:35:50,2024-01-04 15:49:47,0,2.201.185.20,100,836,1,2024-01-04 15:49:48,R_2fkIsJDeRsrGBv5,,,,,50.9298,6.9489,anonymous,DE,1,35,2,5,1,2,"8,9,10,11",1,1,1,8,7,2,9,5,3,4,6,6,2,5,5,6,6,6,6,2,2,1,2,5,5,5,5,4,5,3,3,5,5,5,5,4,5,5,4,4,4,3,4,4,3,5,3,4,4,4,3,3,4,4,4,5,5,5,5,5,4,4,4,3,3,4,4,3,3,3,4,4,2,3,3
2024-01-04 15:52:01,2024-01-04 16:08:29,0,93.233.196.155,100,987,1,2024-01-04 16:08:30,R_2CAYTEBEYdq9ZdM,,,,,50.7793,6.2154,anonymous,DE,1,52,1,5,1,2,"1,4,5,9,10",1,1,1,8,9,4,6,7,2,3,5,6,1,5,1,4,2,2,2,4,3,3,4,4,4,4,5,6,6,6,5,5,5,5,5,5,5,5,4,4,4,4,4,5,5,5,5,4,5,3,5,5,5,5,4,4,4,4,2,2,2,4,4,5,4,5,4,4,1,2,5,5,3,5,4
2024-01-04 16:01:44,2024-01-04 16:10:16,0,37.201.229.227,100,511,1,2024-01-04 16:10:16,R_3dpfEb8V4unXYOt,,,,,51.4511,6.9999,anonymous,DE,1,22,1,5,1,3,10,1,2,3,4,8,6,7,9,2,1,5,6,2,5,2,4,3,2,2,2,2,2,2,4,5,5,5,5,5,5,4,5,5,5,5,5,4,4,5,5,5,5,5,5,5,5,5,4,5,3,3,4,5,4,4,4,4,4,2,3,4,5,4,3,5,4,5,5,4,3,5,5,5,5,3
2024-01-04 16:13:12,2024-01-04 16:19:56,0,95.223.45.127,100,403,1,2024-01-04 16:19:57,R_2EclZEQUFqmd9Gc,,,,,50.7661,6.1395,anonymous,DE,1,25,1,5,1,3,"3,10",1,1,2,6,9,7,8,4,1,3,5,6,1,6,1,6,6,6,6,1,1,1,2,5,5,4,5,6,6,6,6,6,6,6,6,5,5,6,6,6,6,4,4,4,3,6,6,6,6,6,6,7,5,5,5,5,5,5,5,4,5,5,5,5,5,5,5,4,2,4,5,5,4,5,5
2024-01-04 16:32:05,2024-01-04 16:42:38,0,176.198.202.15,100,632,1,2024-01-04 16:42:39,R_61jnWBoJ2vmgRKX,,,,,51.22,6.763,anonymous,DE,1,27,1,5,1,3,"2,3,7,10",1,1,3,9,6,8,7,2,1,4,5,4,5,2,5,4,4,3,2,2,2,2,2,4,4,4,4,6,6,6,6,6,6,6,6,6,6,6,6,6,6,5,6,6,6,6,6,6,6,3,6,5,5,5,5,5,5,5,4,5,5,5,5,5,5,5,5,5,4,5,5,5,5,5,3
2024-01-04 16:37:01,2024-01-04 16:45:14,0,95.223.45.129,100,493,1,2024-01-04 16:45:14,R_3qvS5ttCHXg6kEA,,,,,50.7932,6.095,anonymous,DE,1,26,1,5,1,3,"4,10",1,1,3,6,7,4,8,5,1,2,9,5,4,3,4,6,6,4,5,1,2,1,1,3,2,2,2,6,5,5,5,5,5,6,6,6,5,5,6,6,5,6,5,5,6,6,6,6,6,5,5,5,5,4,5,5,4,4,4,3,3,5,5,5,5,5,5,5,4,5,5,5,5,5,5
2024-01-04 17:24:49,2024-01-04 17:40:12,0,95.223.44.182,100,923,1,2024-01-04 17:40:13,R_3CgjjjKCxugr2BX,,,,,50.7745,6.0861,anonymous,DE,1,28,1,5,1,3,"2,10",1,1,2,6,9,5,7,1,4,3,8,5,2,4,2,5,5,4,3,3,1,2,2,2,5,2,5,4,3,4,3,6,6,6,6,5,5,5,4,4,4,3,2,2,3,6,6,6,3,1,2,2,3,4,4,4,4,4,3,4,5,4,4,3,4,3,3,3,3,2,3,3,3,3,3
2024-01-04 17:42:45,2024-01-04 17:50:56,0,92.192.196.228,100,490,1,2024-01-04 17:50:57,R_1CkRzuBFu8Su66L,,,,,50.8623,6.9483,anonymous,DE,1,35,2,5,1,2,"2,3,7,9,10",1,1,2,1,6,5,7,8,3,9,4,5,3,4,2,6,6,6,6,1,1,1,1,6,6,5,5,5,5,5,4,6,6,6,6,5,5,5,4,4,4,4,5,5,6,6,6,6,5,4,4,5,5,4,4,4,4,4,4,4,5,3,4,4,5,5,5,5,2,4,4,4,4,4,3
2024-01-04 17:44:35,2024-01-04 17:53:46,0,89.1.59.253,100,551,1,2024-01-04 17:53:47,R_1CKqYIS00v4uj6R,,,,,50.9111,6.9122,anonymous,DE,1,29,2,5,1,3,"2,3,4,10",1,1,3,5,8,6,9,4,1,2,7,5,3,5,2,6,5,4,3,2,2,1,1,5,5,5,5,4,4,4,4,6,6,6,6,5,4,5,6,6,6,4,4,4,5,5,5,5,5,3,5,3,4,5,4,4,4,4,4,5,4,4,2,4,5,5,4,4,2,4,4,4,4,4,4
2024-01-04 17:55:35,2024-01-04 18:11:47,0,80.187.122.128,100,972,1,2024-01-04 18:11:48,R_8P561XRGezguzMB,,,,,51.4444,7.0114,anonymous,DE,1,27,2,4,1,3,"3,10,11",1,1,1,9,7,4,8,3,5,2,6,2,5,1,5,6,6,6,3,1,1,1,1,5,5,5,5,1,2,2,2,5,4,3,4,1,1,4,3,2,2,4,4,2,5,5,5,5,2,2,2,1,4,3,4,4,4,4,2,3,4,4,4,4,4,5,4,3,2,3,1,2,3,1,1
2024-01-04 18:03:25,2024-01-04 18:12:20,0,46.114.108.20,100,534,1,2024-01-04 18:12:21,R_6oYrxzmEOXDsj2u,,,,,50.9446,7.0115,anonymous,DE,1,23,1,4,1,3,10,2,2,9,7,8,4,6,3,2,1,5,4,3,4,3,3,2,2,2,2,2,1,2,4,4,3,4,6,6,6,6,6,6,6,6,6,6,6,6,6,6,2,5,3,6,6,6,6,6,6,6,7,3,5,5,5,5,5,5,3,3,5,5,3,5,5,5,3,1,1,5,3,5,5,5
2024-01-04 18:39:58,2024-01-04 18:50:29,0,80.187.120.108,100,630,1,2024-01-04 18:50:29,R_2rTGHBRDVipXnfC,,,,,50.9218,6.947,anonymous,DE,1,25,1,4,1,3,"2,3,9,10",2,2,4,7,9,6,8,3,1,2,5,6,2,5,2,5,5,4,5,3,3,2,2,4,5,3,2,5,5,5,4,6,5,5,6,6,6,6,5,5,5,5,5,5,5,5,5,5,6,6,6,5,4,5,5,4,4,4,3,3,4,5,5,4,5,2,5,5,3,4,4,4,4,5,5
2024-01-04 18:42:52,2024-01-04 18:53:11,0,46.114.106.49,100,618,1,2024-01-04 18:53:12,R_6EcHXktSzj50mVz,,,,,50.99,6.964,anonymous,DE,1,28,1,4,1,3,"2,3,4,5,9,10,11",1,2,2,8,7,6,9,5,1,3,4,6,2,5,1,4,3,2,4,2,2,2,2,2,2,3,4,6,6,6,5,5,5,5,5,5,5,6,6,6,5,5,6,5,6,6,6,6,6,6,6,7,5,5,4,4,3,5,3,4,4,5,5,5,5,5,4,4,2,4,5,5,4,5,4
2024-01-04 18:29:39,2024-01-04 19:58:23,0,89.0.3.183,100,5324,1,2024-01-04 19:58:24,R_21nC3qzZO1yi6a5,,,,,50.9475,6.9288,anonymous,DE,1,25,1,5,1,2,"3,7,8,10",1,1,1,8,7,5,9,6,2,3,4,6,1,6,1,3,4,4,1,2,1,2,1,4,6,2,5,2,2,2,3,5,4,5,5,3,5,3,4,3,4,5,4,4,4,1,2,3,4,2,4,2,4,5,4,2,2,1,5,2,4,3,4,1,2,5,5,3,2,3,4,5,1,2,1
2024-01-04 20:16:28,2024-01-04 20:26:36,0,95.223.45.152,100,607,1,2024-01-04 20:26:37,R_2TqhewEQ7deM0Jr,,,,,50.7599,6.0953,anonymous,DE,1,27,2,5,1,3,10,1,1,2,6,9,1,7,8,3,4,5,6,2,4,2,6,5,4,6,1,1,1,1,4,4,4,3,5,6,6,5,6,6,6,6,6,5,5,6,5,5,6,6,6,6,6,5,5,6,6,6,7,5,5,5,5,4,4,3,4,4,5,5,5,5,5,5,4,1,5,5,5,5,5,5
2024-01-04 13:46:53,2024-01-04 20:32:37,0,89.0.3.127,100,24344,1,2024-01-04 20:32:38,R_6UhzZFsIZXBoBvN,,,,,50.9475,6.9288,anonymous,DE,1,42,1,5,1,3,"2,3,5",1,2,5,6,9,3,1,8,4,2,7,6,2,5,1,2,1,1,1,3,5,4,4,5,5,5,5,5,5,4,2,5,5,5,5,5,5,5,5,5,5,5,5,5,5,4,5,5,5,2,2,3,5,5,5,4,5,4,4,3,4,3,5,4,4,5,4,4,3,4,4,4,5,4,3
2024-01-04 22:29:02,2024-01-04 22:39:43,0,89.176.178.70,100,640,1,2024-01-04 22:39:43,R_8LvrBAs5arv2EoX,,,,,50.0883,14.4124,anonymous,DE,1,26,2,5,1,3,"3,10",2,2,9,8,7,3,6,4,1,2,5,6,2,4,3,4,4,3,3,2,2,1,2,5,5,5,5,6,6,6,5,5,5,5,5,5,5,6,5,5,5,5,5,5,5,5,5,4,6,6,6,7,5,5,5,5,4,5,5,4,4,4,5,5,5,5,5,5,2,3,5,5,5,5,4
2024-01-05 00:12:31,2024-01-05 00:28:59,0,176.94.244.204,100,987,1,2024-01-05 00:29:00,R_5PYlNC0NLXvAOOr,,,,,52.5046,13.3029,anonymous,DE,1,21,2,4,1,3,"1,3,8,10,11",2,2,5,7,9,3,4,8,1,2,6,5,4,4,2,5,5,5,6,2,1,1,1,5,5,2,5,6,6,6,4,5,6,4,4,5,5,6,5,5,5,2,4,3,5,5,3,3,6,5,5,5,5,4,4,4,5,4,5,5,4,5,5,4,4,5,5,2,2,2,5,4,4,4,4
2024-01-05 08:37:52,2024-01-05 08:48:53,0,83.135.243.208,100,661,1,2024-01-05 08:48:53,R_3cr8KcWlJMrT2QF,,,,,50.8178,6.2776,anonymous,DE,1,59,2,5,1,3,"1,2,5,9",1,1,1,8,3,2,7,9,4,6,5,6,2,5,2,4,4,3,2,4,3,3,3,3,4,2,3,3,3,3,2,5,5,5,5,5,5,5,4,4,4,4,5,4,2,4,4,5,3,3,3,2,2,2,3,3,2,5,4,4,4,4,4,3,5,4,2,2,4,4,5,3,3,3,3
2024-01-05 08:57:30,2024-01-05 09:12:49,0,89.0.92.172,100,919,1,2024-01-05 09:12:51,R_4h0dJlVHJDhf3LZ,,,,,50.9217,6.9951,anonymous,DE,1,59,2,4,1,3,"3,4,11",1,2,5,7,6,4,1,8,2,9,3,6,2,5,2,3,4,1,1,4,4,4,2,2,3,3,5,2,2,2,2,5,5,5,5,2,2,2,5,5,5,2,2,2,5,5,5,5,2,2,2,3,3,4,4,4,3,3,5,2,2,3,4,4,2,1,5,5,1,3,2,3,4,3,5
2024-01-05 10:00:01,2024-01-05 10:14:51,0,83.135.243.197,100,890,1,2024-01-05 10:14:53,R_1YNSJeySTbFbo6l,,,,,50.7793,6.2154,anonymous,DE,1,55,1,5,1,3,"2,3,4,5,7",1,1,3,9,8,7,1,5,4,2,6,5,1,5,1,4,4,3,4,4,4,4,4,4,3,3,3,5,5,5,4,5,4,4,4,6,6,6,4,6,6,6,6,6,6,5,4,5,6,5,5,5,4,4,5,5,4,2,2,3,3,3,5,5,5,5,5,4,5,5,5,5,5,5,3
2024-01-05 10:15:33,2024-01-05 10:25:04,0,83.135.243.206,100,570,1,2024-01-05 10:25:05,R_7aOFDFI5fZsQ3vP,,,,,50.8178,6.2776,anonymous,DE,1,21,2,5,2,,,,,,,,,,,,,,,,,,,,,,,,,,,,,,,,,,,,,,,,,,,,,,,,,,,,,,,,,,,,,,,,,,,,,,,,,,,,,
2024-01-05 10:26:38,2024-01-05 10:38:28,0,134.61.145.22,100,709,1,2024-01-05 10:38:29,R_5rwGsYHSSpTl9QK,,,,,50.7745,6.0861,anonymous,DE,1,25,1,5,1,3,"3,10",1,1,3,6,9,4,8,7,2,1,5,6,1,5,2,5,4,4,4,2,1,1,1,4,3,3,5,6,5,6,5,5,5,5,5,6,5,6,5,5,5,5,5,5,5,6,4,4,6,4,5,3,5,4,4,5,5,4,4,4,3,3,4,4,5,5,5,4,2,3,5,5,5,5,3
2024-01-05 11:19:11,2024-01-05 11:24:40,0,95.223.44.150,100,328,1,2024-01-05 11:24:41,R_5D6JuFr2ndm0zce,,,,,50.7661,6.1395,anonymous,DE,1,33,1,5,1,3,"2,4",1,1,1,5,6,4,7,8,2,3,9,6,2,2,2,5,5,2,2,2,2,1,1,4,5,2,3,4,3,3,2,4,4,4,4,2,2,2,3,3,3,4,4,4,5,5,4,4,2,2,1,2,3,3,3,3,3,3,3,3,3,3,3,3,3,3,3,3,3,3,3,3,3,3,3
2024-01-05 13:30:54,2024-01-05 13:37:19,0,134.130.224.24,100,384,1,2024-01-05 13:37:20,R_717BOguEoAmmZX7,,,,,50.8063,6.0584,anonymous,DE,1,26,2,5,1,3,"2,7,8,10",1,1,1,7,8,6,9,2,3,4,5,5,2,5,2,6,1,6,6,1,1,1,1,4,4,4,5,5,5,6,6,5,5,5,5,6,6,6,5,5,5,5,4,4,6,5,5,4,5,6,6,6,5,5,5,4,4,5,4,4,4,4,5,5,4,5,5,5,2,4,4,5,4,5,5
2024-01-05 13:22:11,2024-01-05 13:45:38,0,83.135.243.184,100,1406,1,2024-01-05 13:45:38,R_3B9lUJsx8HMGxK9,,,,,50.7793,6.2154,anonymous,DE,1,64,2,5,1,3,"1,2,3",1,1,1,9,7,6,2,8,3,5,4,6,2,5,2,6,5,4,4,4,3,2,3,4,5,4,2,6,6,6,5,6,5,5,5,4,2,5,5,5,4,2,3,3,4,5,5,5,5,5,4,4,5,5,5,5,5,5,3,5,5,5,3,5,5,3,3,5,3,3,3,5,3,4,3
2024-01-05 13:44:51,2024-01-05 13:45:47,0,93.217.177.137,100,55,1,2024-01-05 13:45:47,R_2Uf5ARBGnzwNGfp,,,,,51.22,6.763,anonymous,DE,1,25,1,5,2,,,,,,,,,,,,,,,,,,,,,,,,,,,,,,,,,,,,,,,,,,,,,,,,,,,,,,,,,,,,,,,,,,,,,,,,,,,,,
2024-01-05 13:38:50,2024-01-05 13:46:46,0,134.130.225.83,100,476,1,2024-01-05 13:46:47,R_4q3rdMvjtMGNicH,,,,,50.7745,6.0861,anonymous,DE,1,27,2,5,1,3,"1,3,4,10",1,1,4,6,9,2,7,8,1,3,5,6,2,4,1,6,6,4,4,2,1,2,1,6,5,3,5,6,6,5,2,5,5,5,5,5,5,5,4,4,6,1,1,1,5,5,4,5,5,5,5,5,4,4,5,2,2,2,1,3,2,2,4,4,5,5,5,4,1,4,4,5,3,4,4
2024-01-05 13:45:53,2024-01-05 13:54:59,0,93.217.177.137,100,546,1,2024-01-05 13:55:00,R_85Xy57ToBScCdof,,,,,51.2459,6.7989,anonymous,DE,1,25,1,5,1,2,"1,3,10",1,1,1,9,6,4,8,7,3,2,5,3,1,3,3,3,2,2,1,5,4,3,5,5,4,4,5,4,4,4,4,5,5,5,5,5,5,5,5,5,5,5,5,5,5,5,5,5,1,1,1,1,5,5,4,1,1,1,4,1,2,4,4,4,4,4,4,5,1,5,4,1,5,4,5
2024-01-05 13:46:02,2024-01-05 13:56:03,0,95.223.44.81,100,601,1,2024-01-05 13:56:04,R_2fTMRACIiUaOPj3,,,,,50.7661,6.1395,anonymous,DE,1,31,1,5,1,3,"1,2,3,4,10",1,1,1,9,8,2,7,4,3,5,6,5,2,2,4,4,4,2,2,2,3,2,2,3,4,4,4,4,4,4,2,5,4,4,4,5,4,4,4,3,4,3,3,3,5,5,5,4,4,2,4,4,4,4,2,4,3,4,4,4,4,4,4,4,4,4,4,4,2,4,4,4,4,3,2
2024-01-05 13:40:08,2024-01-05 13:58:53,0,92.200.177.211,100,1124,1,2024-01-05 13:58:53,R_7gzpc9nyAysO8b6,,,,,50.8693,6.8728,anonymous,DE,1,61,2,4,1,2,"1,4",1,1,7,1,2,6,8,9,4,3,5,5,2,4,2,5,5,5,4,2,2,2,2,2,5,5,5,5,4,5,4,5,5,5,5,4,4,4,6,6,6,4,5,5,5,4,5,4,5,5,5,3,5,5,5,5,4,4,4,4,4,4,4,4,4,5,5,4,1,4,5,4,3,3,3
2024-01-05 14:06:31,2024-01-05 14:15:46,0,89.1.213.55,100,555,1,2024-01-05 14:15:47,R_8v8NRXJ08iNX0lS,,,,,50.9475,6.9288,anonymous,DE,1,23,2,4,1,3,"2,3,7,8,10",1,2,5,8,9,3,6,4,1,2,7,5,3,2,4,5,6,5,4,2,2,1,1,6,6,4,5,5,5,5,5,6,6,6,5,5,5,5,4,5,4,5,5,6,6,5,5,5,6,5,5,5,5,5,4,4,4,4,5,3,4,3,4,5,5,5,5,4,2,5,5,5,4,4,3
2024-01-05 14:38:45,2024-01-05 14:46:27,0,95.223.44.25,100,461,1,2024-01-05 14:46:28,R_3Bex5vT4DSQuaCk,,,,,50.7745,6.0861,anonymous,DE,1,23,1,5,1,3,"3,10",1,1,6,1,7,3,9,5,2,4,8,5,1,4,1,5,4,4,3,2,2,2,2,4,5,4,5,5,5,5,3,5,5,5,5,4,5,6,4,4,3,3,3,3,4,5,3,3,6,4,5,5,5,5,5,5,3,3,3,4,4,5,4,3,4,5,5,3,3,2,5,5,4,5,5
2024-01-05 14:48:43,2024-01-05 14:56:54,0,95.223.44.25,100,490,1,2024-01-05 14:56:55,R_4zUxy7W053sRTD6,,,,,50.7661,6.1395,anonymous,DE,1,58,2,2,1,1,"1,3,4,5,9",1,1,1,8,6,3,2,9,4,5,7,4,4,3,5,2,2,2,1,5,6,4,6,2,2,3,3,4,3,3,2,3,2,3,3,3,5,4,3,3,3,4,4,4,6,2,1,3,3,2,2,1,4,3,3,2,2,2,3,2,3,3,4,3,4,5,4,4,1,4,4,4,4,4,3
2024-01-05 15:07:07,2024-01-05 15:17:49,0,177.40.7.83,100,641,1,2024-01-05 15:17:50,R_1PZbbMdfRPn6R0q,,,,,-25.5026,-49.2908,anonymous,DE,1,26,2,5,1,3,"1,2,3,4,9",1,1,1,8,6,5,9,2,4,3,7,3,5,2,5,6,6,5,4,1,1,1,1,3,3,3,3,2,2,3,2,6,6,6,6,2,2,3,5,5,5,5,5,5,6,6,5,5,2,2,2,2,3,4,4,4,4,4,4,4,4,4,4,4,4,4,4,4,3,4,4,3,4,4,4
2024-01-05 17:10:58,2024-01-05 17:17:15,0,80.187.121.52,100,377,1,2024-01-05 17:17:16,R_2mlR2elgMvTC4zV,,,,,50.7617,7.0512,anonymous,DE,1,25,1,5,1,3,2,1,2,4,8,5,3,6,7,2,1,9,5,2,5,2,5,4,3,5,3,3,2,2,4,5,3,3,4,4,4,4,5,4,4,4,4,4,4,5,5,5,4,4,4,4,4,4,4,4,4,4,2,2,5,2,5,3,5,5,5,5,4,3,5,5,1,4,3,4,4,4,2,3,2,2
2024-01-05 17:43:05,2024-01-05 18:09:11,0,62.155.194.208,100,1565,1,2024-01-05 18:09:12,R_4EZ6uGAnN76Y6aC,,,,,50.7599,6.0953,anonymous,DE,1,48,2,3,1,3,8,2,2,3,6,9,5,8,7,1,2,4,6,1,6,2,5,5,3,3,3,2,2,2,5,5,4,5,5,5,5,4,5,4,5,5,5,5,5,6,6,6,3,4,4,6,5,4,4,6,6,6,3,5,5,4,4,4,4,4,5,4,3,4,4,5,5,3,3,1,3,4,4,4,4,5
2024-01-05 17:45:30,2024-01-05 18:14:58,0,62.155.194.208,100,1768,1,2024-01-05 18:14:59,R_2tK9Dnd0WuPhrtn,,,,,50.7745,6.0861,anonymous,DE,1,38,1,5,1,3,"2,11",2,2,3,8,5,6,7,9,1,2,4,6,2,2,1,4,3,4,2,2,2,4,1,6,6,6,6,5,4,6,4,4,3,3,4,4,5,4,5,4,3,5,4,5,4,4,5,4,4,4,3,3,5,5,4,3,4,4,3,1,3,1,1,1,5,4,5,5,4,5,5,5,5,5,5
2024-01-05 22:19:58,2024-01-05 22:29:37,0,95.223.44.91,100,579,1,2024-01-05 22:29:38,R_5IYjBvTx4p3O0Rr,,,,,50.7661,6.1395,anonymous,DE,1,23,2,3,1,3,6,2,2,6,7,8,2,9,1,3,4,5,6,3,4,3,2,3,4,5,4,6,2,5,2,5,2,3,3,6,4,5,1,3,6,4,1,3,4,1,2,6,5,6,2,4,1,6,5,4,3,1,6,3,5,5,5,5,5,5,5,3,5,5,3,5,5,4,3,5,5,5,5,5,5,5
2024-01-06 12:36:11,2024-01-06 12:52:21,0,92.192.186.128,100,970,1,2024-01-06 12:52:22,R_2T6ImyKoDMLhOr7,,,,,50.9532,6.8274,anonymous,DE,1,64,2,4,1,2,"1,4,5",1,1,1,7,8,6,2,9,4,3,5,6,2,5,1,5,5,4,3,3,3,3,3,4,5,4,5,6,6,6,4,6,6,6,6,5,5,5,6,6,6,5,5,5,5,6,6,5,6,5,4,4,5,5,5,5,5,5,5,5,5,5,5,5,5,5,5,5,5,4,5,5,5,5,4
2024-01-06 13:52:17,2024-01-06 14:10:50,0,79.194.171.48,100,1113,1,2024-01-06 14:10:51,R_2dBkD5eiMVnE8Ts,,,,,50.7688,6.0758,anonymous,DE,1,36,1,5,1,1,"2,3,4,7,11",1,2,2,5,9,7,4,8,1,6,3,5,2,3,5,4,4,2,2,4,4,3,4,2,4,2,2,6,6,6,6,6,6,6,6,6,6,6,6,6,6,5,6,6,6,6,6,6,6,6,6,7,5,5,1,5,3,4,3,3,4,5,5,5,5,5,5,3,1,4,5,5,5,5,5
2024-01-06 15:25:46,2024-01-06 15:33:18,0,89.1.212.2,100,451,1,2024-01-06 15:33:19,R_3yeWFK17ZXI4B6i,,,,,50.9111,6.9122,anonymous,DE,1,22,1,5,1,3,"10,11",1,2,3,4,5,6,7,8,2,1,9,5,3,4,2,4,4,4,4,2,2,1,2,5,5,5,5,5,5,5,5,5,4,5,5,4,5,5,3,3,3,3,4,3,5,5,5,4,5,3,5,4,5,4,2,5,3,5,4,3,4,3,3,5,5,5,4,4,1,3,4,4,4,5,3
2024-01-06 19:34:56,2024-01-06 19:50:46,0,93.131.146.61,100,949,1,2024-01-06 19:50:47,R_5yFKyaceLWAX8TD,,,,,51.4213,7.0188,anonymous,DE,1,49,1,4,1,3,"4,5",1,1,1,5,6,7,8,9,3,2,4,3,3,3,2,3,3,2,2,2,2,2,2,4,4,2,2,6,5,5,4,5,5,5,5,5,3,4,5,5,4,5,5,5,5,5,5,5,5,5,5,3,5,5,5,5,3,5,3,5,5,3,5,5,4,3,3,3,3,2,3,3,3,3,3
2024-01-06 20:40:27,2024-01-06 20:46:48,0,2.202.10.138,100,381,1,2024-01-06 20:46:49,R_28Fr7XkBCtaSITL,,,,,50.7688,6.0758,anonymous,DE,1,28,2,5,1,3,"2,3,8,10,11",1,1,8,2,5,4,1,7,3,6,9,6,6,3,2,6,6,3,5,1,1,1,1,6,6,2,6,1,1,1,1,6,5,2,6,1,1,1,5,3,2,4,4,4,6,6,6,6,3,2,2,2,2,4,4,4,2,4,4,3,3,4,4,3,4,5,4,4,3,3,3,4,4,3,2
2024-01-06 20:45:00,2024-01-06 20:53:34,0,93.133.16.212,100,514,1,2024-01-06 20:53:35,R_6ociwmI2LHk7FnW,,,,,51.2402,6.7785,anonymous,DE,1,24,1,5,1,3,"3,4,10",1,1,1,9,5,3,6,7,2,4,8,6,3,5,2,5,5,3,3,1,1,2,1,6,6,3,4,6,5,6,3,6,6,6,5,5,6,6,3,4,3,5,6,6,6,6,5,6,6,4,6,5,5,4,4,5,4,4,5,2,4,3,4,4,5,5,5,2,1,4,3,4,4,5,2
2024-01-07 19:29:36,2024-01-07 19:40:26,0,95.223.45.36,100,650,1,2024-01-07 19:40:27,R_7jYPtOVGyOHKDCN,,,,,50.7803,6.108,anonymous,DE,1,28,1,5,1,3,"1,2,3,9,10",1,2,3,7,8,9,6,5,1,2,4,6,1,5,1,6,6,4,4,1,2,1,1,6,6,5,5,5,5,5,3,6,4,5,5,4,5,3,5,6,4,2,3,2,6,6,5,4,5,4,4,3,4,5,5,4,2,2,4,3,4,4,5,5,5,5,5,2,2,2,5,5,4,5,4
2024-01-07 20:08:47,2024-01-07 20:15:54,0,87.164.225.40,100,426,1,2024-01-07 20:15:55,R_7k65IzJtuXs5osx,,,,,50.9214,6.3637,anonymous,DE,1,32,2,5,1,4,"2,3,4,5",1,1,1,6,9,4,7,8,3,2,5,3,6,2,6,6,6,6,6,1,1,1,1,5,5,5,4,4,5,5,5,5,5,5,5,4,4,4,4,4,4,3,4,4,6,6,6,6,6,5,5,6,4,4,3,4,4,4,2,4,3,3,3,4,3,5,4,2,4,4,2,2,2,3,3
2024-01-07 20:06:10,2024-01-07 20:23:46,0,95.223.45.36,100,1056,1,2024-01-07 20:23:47,R_8lkyyEVzYmHtH9v,,,,,50.7745,6.0861,anonymous,DE,1,31,2,4,1,3,"3,9,10",1,2,6,9,8,1,2,5,4,3,7,5,2,4,2,5,4,3,3,1,1,1,1,4,5,4,2,3,1,2,1,5,5,5,5,2,2,4,3,3,3,2,2,2,6,6,6,3,3,2,2,2,4,3,4,3,3,3,3,3,2,3,4,4,4,4,3,3,3,1,2,3,3,1,3
2024-01-07 20:42:08,2024-01-07 20:48:50,0,37.201.137.222,100,402,1,2024-01-07 20:48:51,R_2FmprtS3ovwHFTe,,,,,50.7661,6.1395,anonymous,DE,1,32,2,5,1,3,"1,2,3,4,6,8,9,10",1,1,3,6,5,1,7,9,4,2,8,6,1,5,5,5,5,4,2,1,1,1,1,1,6,5,5,3,2,3,3,6,5,5,5,2,3,2,4,4,4,4,4,4,5,5,3,5,2,4,2,2,4,4,5,4,4,4,4,4,4,4,4,4,5,4,5,4,2,3,4,4,4,4,2
2024-01-08 14:48:30,2024-01-08 14:54:27,0,134.61.96.112,100,357,1,2024-01-08 14:54:28,R_8QH40cSUAoO9yR5,,,,,50.7745,6.0861,anonymous,DE,1,29,1,5,1,3,"3,9,11",1,2,5,6,7,3,8,9,1,2,4,6,1,5,1,4,4,2,3,1,2,2,2,5,5,4,5,3,4,4,2,4,3,4,3,4,4,4,4,4,4,4,4,4,4,4,4,4,4,4,4,4,3,3,3,3,3,3,3,3,3,3,3,3,3,3,3,3,3,3,3,3,3,3,3
2024-01-08 19:43:04,2024-01-08 19:52:06,0,137.226.156.100,100,541,1,2024-01-08 19:52:06,R_8Lps9q0ZwsJnRLP,,,,,50.7745,6.0861,anonymous,DE,1,31,2,5,1,3,"2,11",2,2,8,9,7,1,5,6,3,2,4,5,2,5,2,3,3,1,1,3,2,3,2,3,5,3,4,1,1,1,1,5,5,3,3,1,1,1,4,4,4,3,3,3,6,6,4,5,1,1,1,1,1,3,4,1,2,3,2,3,5,5,3,2,3,5,3,1,1,3,1,3,3,1,1
2024-01-08 19:52:47,2024-01-08 19:53:58,0,89.0.4.74,100,71,1,2024-01-08 19:53:59,R_2piUUKFHV0n0eJP,,,,,50.9499,6.9489,anonymous,DE,2,,,,,,,,,,,,,,,,,,,,,,,,,,,,,,,,,,,,,,,,,,,,,,,,,,,,,,,,,,,,,,,,,,,,,,,,,,,,,,,,,
2024-01-08 19:45:07,2024-01-08 19:54:53,0,162.55.56.196,100,586,1,2024-01-08 19:54:53,R_2i6xu3AIvN3RjNL,,,,,52.3016,8.0145,anonymous,DE,1,26,4,5,1,2,"1,3",2,2,4,5,6,2,7,8,1,3,9,6,1,6,1,4,4,4,4,2,2,2,2,5,2,5,5,2,4,4,2,5,4,4,4,2,2,2,1,1,1,2,4,2,5,5,3,3,2,2,2,3,3,3,3,3,3,3,3,3,3,3,3,3,3,3,3,3,3,3,3,3,3,2,2
2024-01-08 19:48:30,2024-01-08 19:58:32,0,2.212.241.159,100,602,1,2024-01-08 19:58:33,R_7hTLHlo5QXarm13,,,,,49.3759,8.6943,anonymous,DE,1,20,2,4,1,3,"2,8",1,1,1,8,9,4,7,5,2,3,6,6,1,3,1,6,5,5,5,1,1,1,1,2,5,3,5,5,5,5,5,6,6,6,6,5,5,5,3,4,3,5,4,5,5,6,6,4,4,3,5,5,4,4,4,4,2,2,2,1,2,1,5,5,2,5,5,4,1,4,2,2,4,4,5
2024-01-08 20:04:59,2024-01-08 20:06:22,0,87.79.76.68,100,82,1,2024-01-08 20:06:23,R_7AGWoXZByllitNf,,,,,50.9164,6.8071,anonymous,DE,2,,,,,,,,,,,,,,,,,,,,,,,,,,,,,,,,,,,,,,,,,,,,,,,,,,,,,,,,,,,,,,,,,,,,,,,,,,,,,,,,,
2024-01-08 20:03:25,2024-01-08 20:10:42,0,79.192.197.207,100,436,1,2024-01-08 20:10:43,R_21vhmRmkHIH2w4B,,,,,50.8675,6.1006,anonymous,DE,1,27,1,5,1,4,"2,4,10",1,1,1,7,4,6,9,8,3,2,5,5,1,4,3,4,4,4,4,3,2,2,1,5,5,6,5,6,6,6,4,6,5,5,6,4,4,4,4,4,4,1,2,1,1,6,4,4,6,4,6,5,5,5,5,5,5,5,4,3,1,2,3,4,5,5,5,5,1,1,5,5,2,3,1
2024-01-08 20:09:01,2024-01-08 20:16:25,0,140.248.34.64,100,444,1,2024-01-08 20:16:26,R_8frwuW8AwBhTXD4,,,,,50.9298,6.9489,anonymous,DE,1,36,2,5,1,4,"2,4,9,10",1,1,1,5,8,2,6,7,4,3,9,2,5,2,5,5,5,5,5,2,2,2,2,4,6,5,5,5,5,5,4,5,5,5,4,5,5,5,5,4,4,5,5,5,5,5,5,5,2,2,2,2,2,4,4,4,4,4,4,4,4,5,4,5,4,5,5,4,2,4,4,4,2,3,4
2024-01-08 20:21:46,2024-01-08 20:21:57,0,5.146.196.251,100,11,1,2024-01-08 20:21:58,R_4O8uBPSLvcGJ08O,,,,,51.0694,6.9936,anonymous,DE,2,,,,,,,,,,,,,,,,,,,,,,,,,,,,,,,,,,,,,,,,,,,,,,,,,,,,,,,,,,,,,,,,,,,,,,,,,,,,,,,,,
2024-01-08 20:13:59,2024-01-08 20:24:20,0,95.223.44.92,100,621,1,2024-01-08 20:24:21,R_69aYKuB0F8mcwiU,,,,,50.7745,6.0861,anonymous,DE,1,37,1,5,1,3,"2,3,4",1,1,3,8,6,5,4,7,1,2,9,6,1,6,1,5,5,4,5,2,1,1,1,5,5,5,5,6,6,6,5,6,6,6,6,5,6,6,6,5,5,5,6,5,6,6,6,6,6,6,6,7,5,5,5,5,5,5,3,5,5,5,5,5,5,5,5,5,1,5,5,5,5,5,5
2024-01-08 20:10:27,2024-01-08 20:25:04,0,95.223.45.179,100,876,1,2024-01-08 20:25:05,R_40UalYsEeg4wgX2,,,,,50.7599,6.0953,anonymous,DE,1,23,2,5,1,3,"2,10,11",1,2,4,5,6,3,7,8,1,2,9,6,1,4,1,6,6,6,6,1,1,1,1,1,6,6,6,2,1,1,1,6,6,6,6,1,1,1,4,4,4,5,5,5,6,6,5,6,1,1,1,2,5,3,4,4,3,5,4,3,5,5,3,3,4,5,4,1,3,2,2,2,2,2,1
2024-01-08 20:26:33,2024-01-08 20:27:28,0,87.144.70.116,100,55,1,2024-01-08 20:27:28,R_2y17IKbCoAXUaPg,,,,,51.3975,7.1799,anonymous,DE,1,27,2,5,2,,,,,,,,,,,,,,,,,,,,,,,,,,,,,,,,,,,,,,,,,,,,,,,,,,,,,,,,,,,,,,,,,,,,,,,,,,,,,
2024-01-08 20:47:31,2024-01-08 20:48:29,0,217.229.232.17,100,57,1,2024-01-08 20:48:31,R_4GVvzyekOHixIqE,,,,,51.0595,6.0992,anonymous,DE,1,25,2,4,2,,,,,,,,,,,,,,,,,,,,,,,,,,,,,,,,,,,,,,,,,,,,,,,,,,,,,,,,,,,,,,,,,,,,,,,,,,,,,
2024-01-08 20:41:37,2024-01-08 20:51:14,0,84.35.81.233,100,576,1,2024-01-08 20:51:15,R_7EnZHkrebxBrP4S,,,,,52.3744,4.9388,anonymous,DE,1,39,2,5,1,3,"2,3,10",1,1,2,9,5,3,8,6,1,4,7,2,5,2,5,6,4,5,5,2,2,1,1,5,6,4,4,6,6,6,5,6,6,6,6,6,6,6,6,6,6,6,6,6,6,6,6,6,6,6,6,7,3,5,3,5,5,5,5,4,4,4,5,3,5,4,4,4,3,5,5,5,5,5,5
2024-01-08 20:48:40,2024-01-08 20:57:07,0,37.201.140.250,100,506,1,2024-01-08 20:57:08,R_6IQ1gpGEAuB5hGW,,,,,50.7479,6.0485,anonymous,DE,1,37,2,5,1,2,"2,8",2,2,8,7,9,1,5,6,2,3,4,4,3,5,2,6,4,4,4,1,1,1,1,4,6,4,5,5,5,5,5,6,6,6,6,5,5,5,6,6,5,6,6,6,6,6,6,6,6,4,5,6,5,5,4,2,2,5,4,3,5,4,3,5,4,4,5,4,4,4,4,4,5,3,4
2024-01-08 21:00:23,2024-01-08 21:06:37,0,89.0.3.89,100,374,1,2024-01-08 21:06:38,R_48nWglGWKnGWKdP,,,,,50.9475,6.9288,anonymous,DE,1,24,2,5,1,3,"2,4",1,2,4,5,7,2,6,8,1,3,9,6,1,5,1,6,6,4,3,1,1,1,1,2,5,6,6,6,6,6,6,5,5,5,6,6,4,6,6,6,6,5,6,5,6,6,6,6,6,5,6,5,5,5,4,5,5,5,4,4,4,4,5,4,5,5,5,5,1,4,5,5,5,4,5
2024-01-08 21:18:39,2024-01-08 21:24:41,0,89.0.3.84,100,361,1,2024-01-08 21:24:41,R_2xKkDOOADLHS551,,,,,50.9475,6.9288,anonymous,DE,1,37,2,5,1,2,"2,4,10",1,1,1,5,4,7,6,2,8,9,3,4,2,2,2,6,6,5,6,2,1,1,2,5,5,3,5,1,1,1,1,5,5,1,2,1,1,1,3,3,2,4,3,2,3,2,1,3,1,1,1,1,1,1,1,1,1,1,1,1,3,3,2,2,1,4,2,1,1,4,1,2,1,1,1
2024-01-08 21:22:29,2024-01-08 21:30:00,0,89.0.2.124,100,450,1,2024-01-08 21:30:01,R_4kGrvn3tzeudq2t,,,,,50.9244,6.9693,anonymous,DE,1,30,1,5,1,2,"2,3,9,10",2,2,9,8,7,3,2,6,1,4,5,6,1,4,2,3,2,3,2,2,3,1,1,5,5,3,3,2,2,2,2,5,3,4,4,1,1,1,1,1,1,5,4,5,6,5,4,4,1,1,1,1,1,1,3,3,3,3,3,3,3,2,3,3,3,4,2,2,2,4,2,2,3,2,4
2024-01-08 21:41:10,2024-01-08 21:41:38,0,185.66.195.65,100,28,1,2024-01-08 21:41:39,R_432wqdKBlsi0JCR,,,,,51.1729,7.095,anonymous,DE,2,,,,,,,,,,,,,,,,,,,,,,,,,,,,,,,,,,,,,,,,,,,,,,,,,,,,,,,,,,,,,,,,,,,,,,,,,,,,,,,,,
2024-01-08 21:38:18,2024-01-08 21:46:02,0,79.230.170.135,100,464,1,2024-01-08 21:46:03,R_2C4ky8Csa09QGrC,,,,,50.7479,6.0485,anonymous,DE,1,26,2,4,1,3,2,2,2,9,8,7,3,6,4,1,2,5,6,1,5,1,6,6,5,5,1,1,1,1,5,6,6,5,1,1,1,1,6,5,5,5,2,1,1,1,1,1,2,3,3,5,5,5,5,1,1,1,1,1,1,3,1,3,3,3,3,3,3,3,3,1,3,4,3,3,3,1,1,1,1,1
2024-01-08 21:48:27,2024-01-08 21:59:51,0,5.146.6.116,100,683,1,2024-01-08 21:59:52,R_6rrc1Zc19TtdXVV,,,,,50.7661,6.1395,anonymous,DE,1,22,2,5,1,3,"2,3,8,9,11",1,1,2,8,4,1,5,6,7,3,9,6,1,4,2,6,4,5,3,4,1,1,1,4,3,3,5,1,1,1,1,6,6,4,6,5,5,5,4,4,4,5,4,3,6,6,3,5,5,4,4,7,1,4,1,1,1,1,1,1,1,3,4,3,3,5,4,1,3,3,1,3,1,1,1
2024-01-08 21:58:25,2024-01-08 22:00:51,0,84.166.175.11,100,145,1,2024-01-08 22:00:51,R_4mHbMMW4kRXiBTr,,,,,50.8675,6.1006,anonymous,DE,2,,,,,,,,,,,,,,,,,,,,,,,,,,,,,,,,,,,,,,,,,,,,,,,,,,,,,,,,,,,,,,,,,,,,,,,,,,,,,,,,,
2024-01-08 21:52:23,2024-01-08 22:05:15,0,95.223.44.135,100,772,1,2024-01-08 22:05:16,R_8ffW4jyjUAQOu37,,,,,50.7745,6.0861,anonymous,DE,1,51,1,5,1,3,"3,4,8,9,11",1,1,1,5,9,4,8,7,2,3,6,6,1,6,5,5,4,4,4,2,2,2,2,4,5,4,4,4,4,5,4,6,6,6,6,5,4,4,4,4,4,2,3,2,4,6,4,6,4,4,4,5,5,4,5,4,4,5,4,5,4,5,5,4,5,5,5,4,2,2,4,5,2,5,3
2024-01-08 22:07:25,2024-01-08 22:08:06,0,87.159.158.161,100,40,1,2024-01-08 22:08:06,R_4ukwEKlPeGd84FP,,,,,51.4816,7.5032,anonymous,DE,1,30,2,5,2,,,,,,,,,,,,,,,,,,,,,,,,,,,,,,,,,,,,,,,,,,,,,,,,,,,,,,,,,,,,,,,,,,,,,,,,,,,,,
2024-01-08 22:17:12,2024-01-08 22:17:39,0,89.0.49.182,100,27,1,2024-01-08 22:17:40,R_8Cv87vMjkaQNMWc,,,,,50.9111,6.9122,anonymous,DE,1,32,2,5,2,,,,,,,,,,,,,,,,,,,,,,,,,,,,,,,,,,,,,,,,,,,,,,,,,,,,,,,,,,,,,,,,,,,,,,,,,,,,,
2024-01-08 22:55:41,2024-01-08 23:03:22,0,89.1.219.145,100,460,1,2024-01-08 23:03:23,R_6Pd6A4ENmzMp4Hz,,,,,50.9446,7.0115,anonymous,DE,1,28,1,5,1,3,"2,3,4,7",1,2,6,5,9,3,7,4,1,2,8,6,1,6,1,6,6,4,3,2,1,2,1,5,5,5,5,6,6,6,6,6,6,6,6,6,6,6,6,6,6,4,4,5,6,6,6,6,6,6,6,5,3,5,3,5,5,5,5,4,5,5,5,5,5,3,5,3,1,3,4,5,4,4,3
2024-01-08 23:04:22,2024-01-08 23:13:55,0,125.238.126.18,100,572,1,2024-01-08 23:13:56,R_40rfjmW5mB0uLVw,,,,,-39.0704,174.0652,anonymous,DE,1,41,2,5,1,3,"2,3,6,8,11",1,1,7,5,6,2,8,4,3,1,9,6,1,6,1,6,6,4,3,1,1,1,1,5,4,4,4,1,1,1,1,6,6,6,6,2,2,2,4,4,4,4,4,4,6,6,6,6,1,1,1,2,1,4,3,5,5,5,5,5,3,3,4,1,3,4,3,2,4,2,2,3,1,1,2
2024-01-08 23:07:35,2024-01-08 23:20:56,0,85.254.74.255,100,801,1,2024-01-08 23:20:57,R_18VXJzSJf26ZFXr,,,,,56.9496,24.0978,anonymous,DE,1,22,2,4,1,2,"2,10,11",1,1,4,9,5,1,8,6,3,2,7,5,4,3,3,6,6,2,2,1,1,2,2,5,5,3,5,5,3,5,5,6,4,5,5,5,5,5,4,4,4,4,4,4,4,2,5,5,5,3,4,5,5,4,4,4,3,2,3,3,4,3,4,4,4,5,5,4,1,2,5,4,4,4,3
2024-01-08 23:23:30,2024-01-08 23:31:15,0,104.28.64.33,100,464,1,2024-01-08 23:31:15,R_4DNej94Sj6cqQDq,,,,,51.2184,6.7734,anonymous,DE,1,20,2,4,1,3,10,1,1,4,5,6,1,7,8,2,3,9,6,1,6,1,6,6,6,3,1,1,1,1,6,6,6,6,6,6,6,4,6,6,6,6,4,4,6,6,6,6,3,6,6,6,6,6,6,6,6,6,7,5,5,5,4,4,3,5,3,5,5,5,5,5,5,5,5,3,4,5,5,5,5,5
2024-01-08 23:27:21,2024-01-08 23:37:49,0,109.90.180.248,100,627,1,2024-01-08 23:37:50,R_4mmJ6GbpWNnP9zn,,,,,50.9875,7.0573,anonymous,DE,1,42,2,5,1,3,"2,4,5,8,10,11",1,1,1,7,9,8,4,5,2,3,6,6,1,6,1,6,6,5,6,1,1,1,1,3,6,4,6,6,6,6,4,6,6,6,6,4,4,4,6,6,6,1,1,1,6,6,6,6,6,6,6,7,5,5,5,5,5,5,5,5,5,5,5,5,5,5,5,5,1,1,5,5,5,4,4
2024-01-08 23:27:37,2024-01-08 23:38:45,0,89.0.46.109,100,668,1,2024-01-08 23:38:46,R_2v6jnsIdnNpj7ON,,,,,50.9499,6.9489,anonymous,DE,1,20,4,4,1,3,11,2,2,9,8,7,2,4,5,3,1,6,6,1,6,1,6,5,4,3,2,2,2,2,4,4,2,2,2,3,3,2,5,5,5,5,4,4,4,4,4,4,4,4,4,5,5,5,5,1,1,1,1,1,2,2,3,3,3,2,3,3,3,2,2,3,5,1,2,2,4,1,3,3,1,2
2024-01-08 23:22:27,2024-01-08 23:39:25,0,104.28.40.2,100,1018,1,2024-01-08 23:39:26,R_2RKMFDmm0e4qsdX,,,,,50.8374,4.4076,anonymous,DE,1,53,2,4,1,1,"2,3,7,10,11",1,1,2,1,6,7,8,9,4,5,3,6,1,3,4,5,5,4,5,2,2,1,2,4,4,2,5,5,4,2,2,5,4,5,5,2,5,6,5,5,4,4,4,4,6,5,4,5,3,2,3,2,4,2,4,3,2,2,3,4,5,5,3,2,3,5,3,3,1,3,3,5,3,3,2
2024-01-08 23:31:08,2024-01-08 23:41:28,0,95.223.45.155,100,620,1,2024-01-08 23:41:28,R_2rThJ9BoHeyLkAV,,,,,50.7599,6.0953,anonymous,DE,1,39,2,5,1,2,"2,11",1,1,7,2,8,6,1,9,4,3,5,5,2,3,4,5,5,3,3,1,1,1,1,5,5,5,5,4,4,4,3,5,4,4,4,3,3,3,4,4,4,3,3,3,4,4,3,3,4,1,1,2,4,4,3,4,4,4,4,3,3,3,3,3,3,5,4,4,2,3,3,3,3,3,3
2024-01-09 00:20:02,2024-01-09 00:30:39,0,89.0.5.76,100,636,1,2024-01-09 00:30:39,R_8qaR3yGm9iLYDpm,,,,,50.9111,6.9122,anonymous,DE,1,23,2,5,1,3,"2,10,11",2,2,4,5,8,3,7,9,1,2,6,5,2,4,2,5,4,4,4,3,2,3,2,4,4,3,4,4,4,4,4,4,4,4,4,4,4,4,4,4,4,4,4,4,4,4,4,4,4,3,3,4,3,3,2,2,2,2,3,2,3,3,3,3,4,4,4,3,2,3,3,3,3,2,3
2024-01-09 01:01:53,2024-01-09 01:02:49,0,94.31.83.232,100,55,1,2024-01-09 01:02:49,R_3PL9tikrhnMpqHo,,,,,51.9434,7.1724,anonymous,DE,1,27,2,5,2,,,,,,,,,,,,,,,,,,,,,,,,,,,,,,,,,,,,,,,,,,,,,,,,,,,,,,,,,,,,,,,,,,,,,,,,,,,,,
2024-01-09 00:57:56,2024-01-09 01:08:21,0,95.223.44.64,100,625,1,2024-01-09 01:08:22,R_6YU6UTn2lOrebkZ,,,,,50.7745,6.0861,anonymous,DE,1,21,2,4,1,3,2,1,1,1,7,6,3,8,2,4,5,9,1,6,1,6,5,4,2,5,1,2,3,1,5,5,2,3,4,5,4,3,5,5,4,4,3,2,2,4,3,3,3,4,3,5,5,3,3,4,2,2,2,5,4,4,3,3,4,3,4,3,1,3,3,3,3,4,3,2,3,4,3,2,3,2
2024-01-09 01:28:26,2024-01-09 01:35:56,0,84.182.224.77,100,450,1,2024-01-09 01:35:56,R_2IfMJewIWd0dBil,,,,,50.7599,6.0953,anonymous,DE,1,21,1,3,1,3,"3,4,10,11",1,1,1,9,8,4,6,7,2,3,5,6,1,6,1,4,4,3,4,2,3,1,1,5,5,2,6,5,4,4,5,6,6,6,6,5,5,5,5,5,5,6,6,6,6,6,6,6,6,4,5,4,5,4,4,4,4,5,2,2,4,4,5,4,5,5,4,4,2,4,4,5,4,5,2
2024-01-09 01:54:27,2024-01-09 02:06:30,0,89.0.4.3,100,722,1,2024-01-09 02:06:30,R_2V4We0nWOq4IBIB,,,,,50.9298,6.9489,anonymous,DE,1,22,2,4,1,3,"2,3,6,8,10",1,2,3,7,9,4,8,6,1,2,5,6,2,5,2,6,5,4,2,1,1,3,2,3,4,3,4,3,4,4,2,5,5,5,5,3,3,3,5,5,4,5,5,5,5,5,3,3,3,2,3,4,3,4,2,3,3,2,2,3,4,5,3,3,3,4,3,2,2,3,1,2,2,1,1
2024-01-09 02:18:34,2024-01-09 02:27:16,0,83.135.191.160,100,521,1,2024-01-09 02:27:17,R_1O0ICWzr7fpV6jf,,,,,51.2021,6.3836,anonymous,DE,1,28,2,5,1,3,"2,3,4,5,7,8,9,10,11",1,1,3,7,8,5,2,1,4,6,9,6,2,5,1,6,6,5,6,1,1,1,1,5,5,5,5,6,6,6,5,6,6,6,6,4,4,6,5,4,4,2,2,2,3,6,6,5,5,4,5,5,4,4,3,4,4,4,4,5,4,5,5,5,4,5,4,3,2,2,4,4,4,4,4
2024-01-09 09:05:40,2024-01-09 09:13:35,0,95.223.44.253,100,475,1,2024-01-09 09:13:36,R_29MZrC1NRS1R3JD,,,,,50.7745,6.0861,anonymous,DE,1,33,2,4,1,3,8,1,2,3,6,9,5,7,8,1,2,4,5,3,3,3,6,5,4,4,1,2,1,1,5,4,3,5,4,4,4,2,5,6,5,5,3,3,3,2,1,1,5,5,5,6,6,4,2,4,4,4,4,4,4,3,2,4,3,3,3,3,3,3,1,3,4,1,2,4,4,1,5,3,4,4
2024-01-09 09:34:53,2024-01-09 09:36:23,0,92.63.48.182,100,90,1,2024-01-09 09:36:24,R_2Lbi8Ur7fBzQtYf,,,,,50.0628,14.4216,anonymous,DE,1,23,1,5,2,,,,,,,,,,,,,,,,,,,,,,,,,,,,,,,,,,,,,,,,,,,,,,,,,,,,,,,,,,,,,,,,,,,,,,,,,,,,,
2024-01-09 14:56:41,2024-01-09 15:06:46,0,95.223.44.14,100,605,1,2024-01-09 15:06:47,R_1EAJJRWEU1HeBmz,,,,,50.7745,6.0861,anonymous,DE,1,41,2,5,1,3,"2,3,7,8",1,2,4,8,9,1,7,5,3,2,6,6,1,6,2,6,6,6,6,1,1,1,1,3,5,1,3,4,5,4,4,6,6,6,6,4,4,4,6,6,6,4,4,4,6,6,6,6,4,4,4,3,5,5,3,4,3,3,3,4,3,3,3,3,5,5,5,3,1,3,3,3,3,3,3
2024-01-09 16:32:25,2024-01-09 16:39:55,0,5.146.5.66,100,449,1,2024-01-09 16:39:56,R_2gYpb7be5ufvxr0,,,,,50.7745,6.0861,anonymous,DE,1,37,2,5,1,3,"2,4",1,1,1,7,8,5,9,6,3,2,4,5,2,4,2,5,5,5,5,2,1,1,1,2,5,5,5,4,3,4,2,5,4,4,4,4,4,5,4,4,4,5,5,5,6,6,4,3,4,3,3,3,5,5,5,4,3,3,5,3,3,3,3,3,5,5,5,5,1,3,3,3,3,3,3
2024-01-09 17:56:21,2024-01-09 18:08:04,0,91.102.141.33,100,703,1,2024-01-09 18:08:05,R_8AYhVnH58FF1MUk,,,,,50.7661,6.1395,anonymous,DE,1,20,2,3,1,1,11,1,1,1,5,6,3,2,7,4,8,9,6,1,5,1,5,5,4,3,1,2,1,1,5,5,2,4,1,1,2,2,4,4,4,4,1,2,2,2,3,2,2,2,2,1,3,1,1,2,2,2,1,1,2,1,2,1,1,3,2,5,3,2,2,4,5,3,2,1,2,1,2,2,3,1
2024-01-09 18:10:32,2024-01-09 18:10:57,0,88.130.49.252,100,24,1,2024-01-09 18:10:57,R_61yAuBEoT2PhY9e,,,,,51.6747,7.7861,anonymous,DE,1,29,2,3,2,,,,,,,,,,,,,,,,,,,,,,,,,,,,,,,,,,,,,,,,,,,,,,,,,,,,,,,,,,,,,,,,,,,,,,,,,,,,,
2024-01-09 18:11:22,2024-01-09 18:19:49,0,88.130.49.252,100,507,1,2024-01-09 18:19:50,R_2gYPEQc2UwWo5Nn,,,,,51.6747,7.7861,anonymous,DE,1,29,2,3,1,1,"3,4,8,10,11",1,1,1,9,8,2,7,5,4,3,6,5,4,5,1,4,4,4,5,2,2,1,2,3,5,3,4,5,5,5,4,5,4,4,5,4,4,4,4,4,4,6,6,6,6,6,5,5,5,4,5,5,5,5,4,3,3,4,3,3,2,1,4,5,5,5,5,5,3,5,5,5,5,5,4
2024-01-09 18:59:02,2024-01-09 19:18:55,0,95.223.44.123,100,1192,1,2024-01-09 19:18:56,R_4DYeyWtJvg4GjrR,,,,,50.7745,6.0861,anonymous,DE,1,29,2,5,1,3,11,1,2,5,8,9,6,4,3,1,2,7,5,4,6,1,6,6,5,6,1,1,2,1,4,6,4,4,3,2,2,2,5,5,5,5,2,2,5,5,5,5,4,3,3,6,5,4,4,4,4,3,4,2,5,3,4,4,4,2,3,3,3,4,5,5,4,5,3,1,3,3,4,1,2,2
2024-01-09 20:57:41,2024-01-09 21:07:02,0,92.200.219.120,100,561,1,2024-01-09 21:07:03,R_12lnzZyviyJurXH,,,,,50.8693,6.8728,anonymous,DE,1,18,1,4,1,3,"2,5",2,2,2,8,6,3,5,7,1,4,9,5,3,2,3,5,5,3,2,1,1,1,2,5,5,3,4,5,2,4,2,5,5,5,5,4,4,4,4,4,4,5,4,3,5,5,2,5,3,3,4,3,2,4,1,2,3,3,2,2,4,4,3,4,4,5,4,3,1,3,2,4,1,2,2
2024-01-09 21:10:59,2024-01-09 21:23:56,0,81.173.159.224,100,777,1,2024-01-09 21:23:57,R_8r0sdyxf4GRFBx7,,,,,50.9111,6.9122,anonymous,DE,1,38,2,5,1,2,"2,6,10",1,1,1,7,9,4,2,5,3,6,8,4,3,4,2,6,6,5,5,1,3,2,1,2,4,3,4,5,4,4,4,5,5,5,5,5,5,5,4,4,4,5,5,5,5,5,5,5,5,5,5,4,4,4,4,4,4,4,4,4,4,4,4,4,4,4,4,4,2,4,4,4,4,4,4
2024-01-10 10:40:11,2024-01-10 10:56:53,0,87.164.232.173,100,1001,1,2024-01-10 10:56:54,R_5zBkFOOPvqbGiRw,,,,,50.9214,6.3637,anonymous,DE,1,32,1,5,1,1,"1,4,8",1,1,1,6,7,2,8,9,3,4,5,4,5,4,5,5,5,2,2,1,2,2,2,5,5,4,5,3,3,3,3,6,5,6,6,4,4,4,4,4,4,3,5,4,5,5,5,5,4,4,4,2,4,3,3,3,3,4,3,4,3,3,4,4,5,2,4,4,2,3,5,5,3,4,3
2024-01-10 13:52:28,2024-01-10 14:02:04,0,87.78.43.166,100,575,1,2024-01-10 14:02:04,R_2NRAE9UIXuNhVgR,,,,,50.939,6.9644,anonymous,DE,1,17,2,3,1,2,"1,10,11",1,2,5,7,6,3,2,8,1,4,9,5,4,3,2,6,6,2,4,1,1,1,1,6,6,2,4,5,5,6,6,6,6,6,6,2,3,2,3,3,3,2,2,5,1,6,3,6,5,4,5,5,5,4,5,5,5,2,2,2,3,3,5,5,2,5,5,4,3,1,3,5,3,5,3
2024-01-10 13:54:34,2024-01-10 14:08:56,0,95.223.45.210,100,861,1,2024-01-10 14:08:56,R_45FngXyUlY3NAoW,,,,,50.7599,6.0953,anonymous,DE,1,40,2,4,1,2,11,1,1,1,6,2,7,8,9,5,3,4,2,5,1,6,6,6,6,6,1,1,1,1,4,3,5,5,4,4,3,3,6,6,6,6,4,3,3,1,2,1,1,1,1,3,6,3,1,4,1,1,3,3,3,3,3,3,3,3,3,3,3,3,3,3,3,3,3,3,3,4,3,2,3,2
2024-01-04 14:21:25,2024-01-04 14:21:37,0,137.226.118.51,5,12,0,2024-01-11 14:21:41,R_1cDrc045QzVLccN,,,,,,,anonymous,DE,1,,,,,,,,,,,,,,,,,,,,,,,,,,,,,,,,,,,,,,,,,,,,,,,,,,,,,,,,,,,,,,,,,,,,,,,,,,,,,,,,,
2024-01-04 14:25:47,2024-01-04 14:25:53,0,89.247.151.21,2,6,0,2024-01-11 14:25:54,R_5irZU07fo1cKRNA,,,,,,,anonymous,DE,,,,,,,,,,,,,,,,,,,,,,,,,,,,,,,,,,,,,,,,,,,,,,,,,,,,,,,,,,,,,,,,,,,,,,,,,,,,,,,,,,
2024-01-04 14:31:38,2024-01-04 14:35:47,0,95.223.45.183,43,249,0,2024-01-11 14:35:48,R_3mtq4fvWTMTSSPT,,,,,,,anonymous,DE,1,23,1,5,1,3,"3,10",1,2,6,5,9,1,8,4,2,3,7,6,6,6,3,5,5,4,4,1,1,2,2,4,4,3,4,,,,,,,,,,,,,,,,,,,,,,,,,,,,,,,,,,,,,,,,,,,,,,,,
2024-01-11 15:06:22,2024-01-11 15:17:23,0,134.61.80.41,100,661,1,2024-01-11 15:17:24,R_4zASiIH5uHDhNYK,,,,,50.7745,6.0861,anonymous,DE,1,21,2,4,1,3,"2,3,8,11",1,1,1,9,8,3,5,6,2,4,7,4,3,2,4,6,4,2,2,1,1,1,1,2,2,2,4,2,1,1,1,5,5,5,5,1,1,2,1,1,2,5,4,4,5,5,2,3,2,1,1,2,2,3,4,2,3,4,1,2,2,2,1,4,3,4,4,2,3,4,1,3,2,4,1
2024-01-04 15:56:28,2024-01-04 16:04:46,0,95.223.45.49,43,497,0,2024-01-11 16:04:47,R_7bYiQDxAMULz4vn,,,,,,,anonymous,DE,1,25,1,4,1,3,"10,11",1,2,3,7,9,6,8,4,1,2,5,5,2,5,1,5,4,4,3,1,2,1,1,4,4,3,3,,,,,,,,,,,,,,,,,,,,,,,,,,,,,,,,,,,,,,,,,,,,,,,,
2024-01-11 16:01:04,2024-01-11 16:07:40,0,95.223.44.17,100,395,1,2024-01-11 16:07:40,R_8fuWD2M4rrWR6GI,,,,,50.7661,6.1395,anonymous,DE,1,25,2,5,1,3,11,1,2,4,5,7,1,8,6,2,3,9,6,1,6,1,5,5,4,3,2,2,2,2,5,4,3,5,2,2,2,2,5,5,5,5,3,2,2,3,2,2,3,4,4,5,5,5,4,2,2,2,1,1,1,3,2,1,1,1,1,3,2,1,1,1,5,1,1,1,3,1,1,1,1,1
2024-01-11 17:07:38,2024-01-11 17:16:19,0,116.74.136.22,100,521,1,2024-01-11 17:16:20,R_4ziGpmLWt97wbka,,,,,18.6161,73.7286,anonymous,DE,1,27,2,5,1,1,"2,3,11",2,2,8,9,4,6,5,3,1,2,7,5,4,4,5,5,5,5,5,2,5,2,2,5,5,4,5,5,5,5,5,6,6,5,5,4,4,3,5,5,5,6,6,5,5,5,5,4,6,6,6,5,4,5,4,3,4,5,5,3,2,5,5,5,4,5,5,5,4,4,5,5,5,4,5
2024-01-11 19:37:07,2024-01-11 19:47:58,0,95.223.44.147,100,650,1,2024-01-11 19:47:58,R_8Q0JU2Ol2QNimLm,,,,,50.7745,6.0861,anonymous,DE,1,25,1,5,1,3,"2,3,10",2,2,6,8,7,4,9,3,1,2,5,5,4,3,4,6,5,4,6,1,2,1,1,6,5,5,5,5,5,6,4,6,5,6,6,4,5,4,6,5,6,3,4,4,6,6,6,6,6,6,6,5,4,5,4,3,4,2,4,3,4,5,5,5,5,5,4,4,1,2,4,5,5,2,5
2024-01-11 20:07:54,2024-01-11 20:15:57,0,89.1.59.118,100,483,1,2024-01-11 20:15:58,R_1uZB6pUFlE1XsZC,,,,,50.9111,6.9122,anonymous,DE,1,28,2,5,1,3,"2,3,11",2,2,5,4,6,7,8,3,1,2,9,6,1,6,1,5,3,1,1,1,1,1,1,6,6,4,2,2,1,2,1,5,4,2,5,1,1,1,1,1,1,1,1,1,6,6,5,1,3,1,2,3,1,3,2,1,2,2,1,2,1,1,4,2,1,5,4,2,1,1,1,2,1,1,1
2024-01-04 21:22:37,2024-01-04 21:28:15,0,95.223.45.196,44,338,0,2024-01-11 21:28:21,R_8dS03Kt3m6OVnxN,,,,,,,anonymous,DE,1,23,1,4,1,3,"2,7,10,11",2,2,3,5,9,7,8,4,1,2,6,6,1,6,1,5,4,4,5,1,1,1,1,5,5,4,5,,,,,,,,,,,,,,,,,,,,,,,,,,,,,,,,,,,,,,,,,,,,,,,,
2024-01-11 21:25:35,2024-01-11 21:33:24,0,137.226.217.125,100,469,1,2024-01-11 21:33:25,R_6zUuCvwT4HblzEO,,,,,50.8063,6.0584,anonymous,DE,1,23,2,5,1,3,"8,11",1,2,4,9,7,1,6,8,3,2,5,6,1,6,1,6,5,4,3,1,1,1,1,5,5,6,5,5,5,5,5,6,6,6,6,5,5,6,5,5,5,4,4,4,6,6,5,5,5,5,5,5,5,5,5,4,4,4,3,3,3,3,3,3,5,5,5,3,2,3,3,4,4,4,4
2024-01-12 08:15:08,2024-01-12 08:15:43,0,94.79.151.50,100,35,1,2024-01-12 08:15:43,R_1JEm2LiEDq1Ot9l,,,,,51.5972,7.4668,anonymous,DE,1,28,2,5,2,,,,,,,,,,,,,,,,,,,,,,,,,,,,,,,,,,,,,,,,,,,,,,,,,,,,,,,,,,,,,,,,,,,,,,,,,,,,,
2024-01-05 08:42:00,2024-01-05 08:42:10,0,46.114.106.4,2,9,0,2024-01-12 08:42:10,R_5l9bJBG9M06qQYp,,,,,,,anonymous,DE,,,,,,,,,,,,,,,,,,,,,,,,,,,,,,,,,,,,,,,,,,,,,,,,,,,,,,,,,,,,,,,,,,,,,,,,,,,,,,,,,,
2024-01-05 09:06:46,2024-01-05 09:08:00,0,84.182.234.219,15,74,0,2024-01-12 09:08:03,R_5dTLOIBhR0fQ91f,,,,,,,anonymous,DE,1,29,1,5,1,3,"2,3",,,,,,,,,,,,,,,,,,,,,,,,,,,,,,,,,,,,,,,,,,,,,,,,,,,,,,,,,,,,,,,,,,,,,,,,,,,
2024-01-05 09:56:26,2024-01-05 10:03:09,0,89.0.52.152,21,402,0,2024-01-12 10:03:15,R_12kyMCeYfcRpRkd,,,,,,,anonymous,DE,1,24,1,5,1,3,"4,11",1,2,5,9,3,6,8,4,1,2,7,5,4,3,4,,,,,,,,,,,,,,,,,,,,,,,,,,,,,,,,,,,,,,,,,,,,,,,,,,,,,,,,,,,,
2024-01-12 10:57:03,2024-01-12 11:14:15,0,61.7.184.60,100,1031,1,2024-01-12 11:14:16,R_4PmKklEDvJOIOA1,,,,,13.7366,100.4995,anonymous,DE,1,57,2,5,1,3,"1,3,5",1,1,3,7,9,6,2,8,1,4,5,3,4,1,4,4,4,4,2,3,4,4,4,5,3,2,3,5,4,4,3,5,5,5,5,4,5,4,6,5,4,4,5,4,5,5,5,4,5,5,4,5,4,3,4,4,4,3,1,4,3,3,4,4,5,5,5,5,3,3,4,5,4,5,5
2024-01-12 15:37:49,2024-01-12 15:37:59,0,95.223.45.198,100,10,1,2024-01-12 15:38:00,R_3xSj3BwqNfaNf1V,,,,,50.7599,6.0953,anonymous,DE,2,,,,,,,,,,,,,,,,,,,,,,,,,,,,,,,,,,,,,,,,,,,,,,,,,,,,,,,,,,,,,,,,,,,,,,,,,,,,,,,,,
2024-01-05 17:12:45,2024-01-05 17:25:05,0,87.160.250.187,67,740,0,2024-01-12 17:25:09,R_3yg4ALRC9Vjxj3P,,,,,,,anonymous,DE,1,34,2,4,1,2,"7,8",2,2,5,4,6,3,7,8,1,2,9,5,2,4,2,6,5,5,3,4,3,3,2,5,4,4,3,4,3,4,3,4,3,3,4,4,3,3,,,,,,,,,,,,,,,,,,,,,,,,,,,,,,,,,,,,,
2024-01-12 23:57:46,2024-01-13 00:06:32,0,84.186.58.80,100,525,1,2024-01-13 00:06:33,R_58LZJ9FviHhcuVW,,,,,53.1598,8.2308,anonymous,DE,1,51,1,5,1,3,"2,4,9,11",1,1,1,7,8,5,9,6,2,3,4,4,2,4,2,5,5,4,5,2,2,2,2,5,5,5,5,5,5,5,3,4,4,4,5,3,4,4,5,5,5,5,5,5,5,3,4,3,5,5,5,5,5,5,4,3,4,3,3,4,4,4,4,5,5,3,5,4,2,3,5,5,4,5,3
2024-01-06 14:03:45,2024-01-06 14:04:35,0,89.0.92.172,2,49,0,2024-01-13 14:04:39,R_5B547fD7p55psZr,,,,,,,anonymous,DE,,,,,,,,,,,,,,,,,,,,,,,,,,,,,,,,,,,,,,,,,,,,,,,,,,,,,,,,,,,,,,,,,,,,,,,,,,,,,,,,,,
2024-01-06 14:54:15,2024-01-06 14:54:32,0,79.194.171.48,2,16,0,2024-01-13 14:54:33,R_8j6RXnPgDz1NupE,,,,,,,anonymous,DE,,,,,,,,,,,,,,,,,,,,,,,,,,,,,,,,,,,,,,,,,,,,,,,,,,,,,,,,,,,,,,,,,,,,,,,,,,,,,,,,,,
2024-01-04 17:42:02,2024-01-07 10:15:24,0,89.1.212.92,97,232401,0,2024-01-14 10:15:27,R_6qUUyYSNVmNwZvx,,,,,,,anonymous,DE,1,69,2,2,1,2,9,1,1,1,2,5,3,4,6,7,8,9,2,3,1,4,2,3,3,2,3,2,2,3,3,5,4,5,5,5,5,3,5,5,5,5,4,5,5,5,3,4,4,4,4,5,3,4,4,4,4,3,3,,,,,,,,,,,,,,,,,,,,,,,
2024-01-14 13:25:19,2024-01-14 13:34:26,0,95.223.45.234,100,547,1,2024-01-14 13:34:27,R_2mIwal2mXgOtEUo,,,,,50.7766,6.1607,anonymous,DE,1,72,1,4,1,2,"1,2,3,4,5",1,2,6,7,8,5,2,9,1,3,4,5,4,5,3,4,4,2,3,5,4,5,4,4,4,3,4,5,5,6,4,4,2,5,5,4,4,4,5,4,6,2,3,2,5,4,5,5,5,3,4,4,4,4,4,1,1,2,4,2,2,2,4,5,4,5,5,4,1,3,4,4,3,5,1
2024-01-14 15:53:15,2024-01-14 16:06:16,0,92.200.136.79,100,780,1,2024-01-14 16:06:16,R_8ib9NVE0rVreK7T,,,,,50.8296,6.9813,anonymous,DE,1,59,1,4,1,2,"3,4,10,11",1,1,1,9,8,6,2,7,3,4,5,6,1,5,1,5,4,1,3,5,4,4,4,5,4,4,4,5,4,4,4,4,4,4,4,2,3,3,4,4,4,4,4,4,4,4,3,4,5,5,5,5,3,4,4,3,4,4,2,4,3,2,4,4,4,5,4,1,1,3,3,4,1,3,1
2024-01-14 19:51:39,2024-01-14 20:08:05,0,92.200.136.79,100,985,1,2024-01-14 20:08:05,R_2313Qa9pQcf486C,,,,,50.8296,6.9813,anonymous,DE,1,18,1,4,1,3,"1,2,10,11",1,2,2,8,5,6,9,4,3,1,7,5,2,4,2,5,3,2,4,2,2,2,2,3,3,4,4,4,3,4,2,5,4,4,5,5,5,5,2,4,2,5,2,5,5,4,3,6,4,2,3,5,2,4,3,2,3,2,4,1,3,3,3,5,3,5,5,1,1,2,4,4,3,4,4
2024-01-04 18:32:04,2024-01-07 22:31:56,0,176.198.185.178,61,273591,0,2024-01-14 22:32:00,R_4EX69YOLTXvCA5n,,,,,,,anonymous,DE,1,48,1,3,1,1,"1,4,9,11",1,1,1,8,6,2,5,9,3,7,4,5,4,3,5,3,2,2,2,5,5,4,5,4,4,2,4,4,4,4,4,3,3,4,3,,,,,,,,,,,,,,,,,,,,,,,,,,,,,,,,,,,,,,,,
2024-01-15 02:28:48,2024-01-15 02:42:25,0,91.200.131.69,100,817,1,2024-01-15 02:42:27,R_6EckTFlAdpgzUmZ,,,,,42.5907,11.519,anonymous,DE,1,68,1,5,1,3,"2,4,5,8,9,10,11",1,1,2,8,4,5,6,9,1,3,7,5,2,5,1,4,4,2,2,2,2,2,2,5,5,5,5,5,5,5,4,5,5,5,5,5,5,5,6,5,5,3,4,4,4,4,5,5,5,4,4,4,5,5,4,3,3,4,2,2,2,2,2,2,2,1,5,3,3,3,4,4,4,3,4
2024-01-08 13:03:44,2024-01-08 13:08:52,0,217.228.96.150,44,307,0,2024-01-15 13:08:54,R_2sS8hCP8JyQPYsx,,,,,,,anonymous,DE,1,32,2,5,1,3,"3,4,10",1,1,1,2,3,4,8,7,5,6,9,4,4,4,4,6,5,4,4,3,2,2,2,4,4,3,3,,,,,,,,,,,,,,,,,,,,,,,,,,,,,,,,,,,,,,,,,,,,,,,,
2024-01-08 19:48:03,2024-01-08 19:50:40,0,87.123.241.144,44,156,0,2024-01-15 19:50:49,R_2qaO9fPR3WXqrzz,,,,,,,anonymous,DE,1,34,2,4,1,3,"3,11",1,2,5,4,7,1,9,8,2,3,6,6,1,6,6,6,6,5,5,1,1,1,1,5,4,4,5,,,,,,,,,,,,,,,,,,,,,,,,,,,,,,,,,,,,,,,,,,,,,,,,
2024-01-08 20:15:09,2024-01-08 20:17:36,0,95.90.217.114,15,146,0,2024-01-15 20:17:39,R_22ipNwllOEly2Up,,,,,,,anonymous,DE,1,23,2,4,1,2,"2,4",,,,,,,,,,,,,,,,,,,,,,,,,,,,,,,,,,,,,,,,,,,,,,,,,,,,,,,,,,,,,,,,,,,,,,,,,,,
2024-01-08 20:17:20,2024-01-08 20:18:08,0,95.223.44.0,2,48,0,2024-01-15 20:18:13,R_6mq4TOodCiSXBVK,,,,,,,anonymous,DE,,,,,,,,,,,,,,,,,,,,,,,,,,,,,,,,,,,,,,,,,,,,,,,,,,,,,,,,,,,,,,,,,,,,,,,,,,,,,,,,,,
2024-01-15 16:09:19,2024-01-15 20:19:03,0,95.223.45.234,100,14984,1,2024-01-15 20:19:05,R_1PMmx8ALspMmBmb,,,,,50.7766,6.1607,anonymous,DE,1,52,2,5,1,1,"1,2,4,5,9,10,11",1,1,1,9,6,2,7,8,5,3,4,4,4,2,4,5,4,4,3,3,4,2,3,3,3,2,3,3,3,2,1,5,5,5,6,4,2,6,5,4,6,3,1,2,4,3,4,2,3,1,2,1,4,2,3,2,1,1,2,2,3,2,4,2,4,5,4,2,1,2,3,4,1,2,1
2024-01-08 20:21:30,2024-01-08 20:22:13,0,89.1.215.193,2,43,0,2024-01-15 20:22:14,R_8om2GhX8BOTIUU1,,,,,,,anonymous,DE,,,,,,,,,,,,,,,,,,,,,,,,,,,,,,,,,,,,,,,,,,,,,,,,,,,,,,,,,,,,,,,,,,,,,,,,,,,,,,,,,,
2024-01-08 20:27:36,2024-01-08 20:27:51,0,87.144.70.116,11,14,0,2024-01-15 20:27:52,R_2prKUPecLIbW1l1,,,,,,,anonymous,DE,1,27,2,5,1,,,,,,,,,,,,,,,,,,,,,,,,,,,,,,,,,,,,,,,,,,,,,,,,,,,,,,,,,,,,,,,,,,,,,,,,,,,,,
2024-01-08 20:11:16,2024-01-08 20:29:15,0,87.79.76.68,61,1078,0,2024-01-15 20:29:16,R_8FJWznRO8DgUSdn,,,,,,,anonymous,DE,1,25,4,4,1,3,"2,8,10",1,2,5,9,7,2,6,4,1,3,8,3,3,4,4,5,5,4,6,1,1,1,1,4,3,3,4,3,3,3,3,6,6,6,6,,,,,,,,,,,,,,,,,,,,,,,,,,,,,,,,,,,,,,,,
2024-01-08 20:42:16,2024-01-08 20:44:34,0,5.147.186.107,43,138,0,2024-01-15 20:44:36,R_4ty5xnKd8Qt85A9,,,,,,,anonymous,DE,1,37,1,5,1,3,"2,5,9,10",1,1,1,3,5,4,6,7,2,8,9,4,1,4,2,5,5,5,5,1,1,1,1,4,4,3,4,,,,,,,,,,,,,,,,,,,,,,,,,,,,,,,,,,,,,,,,,,,,,,,,
2024-01-08 20:40:42,2024-01-08 20:44:47,0,89.1.58.100,15,245,0,2024-01-15 20:44:52,R_2pclERJ6PimBNtR,,,,,,,anonymous,DE,1,26,2,5,1,3,2,,,,,,,,,,,,,,,,,,,,,,,,,,,,,,,,,,,,,,,,,,,,,,,,,,,,,,,,,,,,,,,,,,,,,,,,,,,
2024-01-08 20:45:18,2024-01-08 20:45:45,0,62.158.107.105,11,26,0,2024-01-15 20:45:47,R_2cubay9pkXi50PR,,,,,,,anonymous,DE,1,22,2,4,1,,,,,,,,,,,,,,,,,,,,,,,,,,,,,,,,,,,,,,,,,,,,,,,,,,,,,,,,,,,,,,,,,,,,,,,,,,,,,
2024-01-08 20:56:34,2024-01-08 20:57:28,0,79.192.195.56,2,53,0,2024-01-15 20:57:30,R_2kyT9YNiR13yLJ7,,,,,,,anonymous,DE,,,,,,,,,,,,,,,,,,,,,,,,,,,,,,,,,,,,,,,,,,,,,,,,,,,,,,,,,,,,,,,,,,,,,,,,,,,,,,,,,,
2024-01-08 21:11:31,2024-01-08 21:12:25,0,95.223.45.112,5,53,0,2024-01-15 21:12:26,R_3288geVrwkv6Itb,,,,,,,anonymous,DE,1,,,,,,,,,,,,,,,,,,,,,,,,,,,,,,,,,,,,,,,,,,,,,,,,,,,,,,,,,,,,,,,,,,,,,,,,,,,,,,,,,
2024-01-08 21:31:47,2024-01-08 21:31:56,0,62.155.199.100,2,8,0,2024-01-15 21:31:59,R_22cin1VnJ8QVqbz,,,,,,,anonymous,DE,,,,,,,,,,,,,,,,,,,,,,,,,,,,,,,,,,,,,,,,,,,,,,,,,,,,,,,,,,,,,,,,,,,,,,,,,,,,,,,,,,
2024-01-08 21:39:26,2024-01-08 21:43:29,0,109.42.179.156,44,242,0,2024-01-15 21:43:30,R_37Qe6LtpnscnnOJ,,,,,,,anonymous,DE,1,20,2,4,1,3,"2,3,4",1,1,1,9,6,4,5,2,3,7,8,3,1,3,5,6,5,4,6,1,1,1,1,5,4,6,5,,,,,,,,,,,,,,,,,,,,,,,,,,,,,,,,,,,,,,,,,,,,,,,,
2024-01-08 21:41:33,2024-01-08 21:45:26,0,89.15.236.228,44,232,0,2024-01-15 21:45:27,R_8MxoPPE5VPfuAsw,,,,,,,anonymous,DE,1,23,1,4,1,3,11,1,2,3,5,8,7,6,4,1,2,9,6,2,5,1,5,5,5,5,2,1,1,1,5,5,5,5,,,,,,,,,,,,,,,,,,,,,,,,,,,,,,,,,,,,,,,,,,,,,,,,
2024-01-08 21:59:34,2024-01-08 22:00:49,0,95.223.44.45,2,75,0,2024-01-15 22:00:56,R_80C5abgKkU7EgBn,,,,,,,anonymous,DE,,,,,,,,,,,,,,,,,,,,,,,,,,,,,,,,,,,,,,,,,,,,,,,,,,,,,,,,,,,,,,,,,,,,,,,,,,,,,,,,,,
2024-01-08 22:03:41,2024-01-08 22:06:14,0,83.135.243.124,21,153,0,2024-01-15 22:06:17,R_7HcOEl9eotlej6P,,,,,,,anonymous,DE,1,30,2,4,1,3,4,1,1,2,1,5,3,7,6,8,4,9,2,6,4,2,,,,,,,,,,,,,,,,,,,,,,,,,,,,,,,,,,,,,,,,,,,,,,,,,,,,,,,,,,,,
2024-01-08 22:11:28,2024-01-08 22:12:04,0,89.0.3.105,11,35,0,2024-01-15 22:12:04,R_2WNo50A4evNvTdD,,,,,,,anonymous,DE,1,28,1,5,1,,,,,,,,,,,,,,,,,,,,,,,,,,,,,,,,,,,,,,,,,,,,,,,,,,,,,,,,,,,,,,,,,,,,,,,,,,,,,
2024-01-08 22:18:01,2024-01-08 22:18:19,0,89.0.49.182,5,17,0,2024-01-15 22:18:25,R_85Rz2xehh4YiEed,,,,,,,anonymous,DE,1,,,,,,,,,,,,,,,,,,,,,,,,,,,,,,,,,,,,,,,,,,,,,,,,,,,,,,,,,,,,,,,,,,,,,,,,,,,,,,,,,
2024-01-08 22:38:21,2024-01-08 22:38:32,0,89.1.208.102,2,10,0,2024-01-15 22:38:33,R_7PpLSBEIxb2Do9D,,,,,,,anonymous,DE,,,,,,,,,,,,,,,,,,,,,,,,,,,,,,,,,,,,,,,,,,,,,,,,,,,,,,,,,,,,,,,,,,,,,,,,,,,,,,,,,,
2024-01-08 22:45:05,2024-01-08 22:47:12,0,89.0.4.86,15,127,0,2024-01-15 22:47:13,R_7dXnnpwWDlsSnTr,,,,,,,anonymous,DE,1,31,2,3,1,2,11,,,,,,,,,,,,,,,,,,,,,,,,,,,,,,,,,,,,,,,,,,,,,,,,,,,,,,,,,,,,,,,,,,,,,,,,,,,
2024-01-08 23:08:45,2024-01-08 23:09:41,0,80.141.188.57,2,55,0,2024-01-15 23:09:42,R_5MPwXXu2LLpnGlN,,,,,,,anonymous,DE,,,,,,,,,,,,,,,,,,,,,,,,,,,,,,,,,,,,,,,,,,,,,,,,,,,,,,,,,,,,,,,,,,,,,,,,,,,,,,,,,,
2024-01-08 23:19:56,2024-01-08 23:20:40,0,188.126.178.71,2,43,0,2024-01-15 23:20:41,R_437nM1yOBy0EcmZ,,,,,,,anonymous,DE,,,,,,,,,,,,,,,,,,,,,,,,,,,,,,,,,,,,,,,,,,,,,,,,,,,,,,,,,,,,,,,,,,,,,,,,,,,,,,,,,,
2024-01-08 23:38:58,2024-01-08 23:43:31,0,2.211.32.93,44,272,0,2024-01-15 23:43:40,R_2KFZ8qO2SHVbY9b,,,,,,,anonymous,DE,1,36,2,5,1,3,"2,11",1,1,2,7,8,1,9,3,6,4,5,5,2,4,3,5,5,4,3,1,1,1,1,5,5,4,5,,,,,,,,,,,,,,,,,,,,,,,,,,,,,,,,,,,,,,,,,,,,,,,,
2024-01-08 22:27:19,2024-01-08 23:55:33,0,89.1.150.105,21,5293,0,2024-01-15 23:55:41,R_8b6URyB3t81m85b,,,,,,,anonymous,DE,1,23,2,5,1,3,"1,2,3",1,1,1,9,8,5,6,7,2,3,4,3,4,1,4,,,,,,,,,,,,,,,,,,,,,,,,,,,,,,,,,,,,,,,,,,,,,,,,,,,,,,,,,,,,
2024-01-08 23:57:11,2024-01-08 23:57:52,0,89.0.69.86,11,41,0,2024-01-15 23:57:56,R_2r85fG5Q4wScfrz,,,,,,,anonymous,DE,1,31,2,5,1,,,,,,,,,,,,,,,,,,,,,,,,,,,,,,,,,,,,,,,,,,,,,,,,,,,,,,,,,,,,,,,,,,,,,,,,,,,,,
2024-01-09 00:49:28,2024-01-09 00:50:21,0,79.194.175.147,2,52,0,2024-01-16 00:50:25,R_782bPEKlRZJU3SN,,,,,,,anonymous,DE,,,,,,,,,,,,,,,,,,,,,,,,,,,,,,,,,,,,,,,,,,,,,,,,,,,,,,,,,,,,,,,,,,,,,,,,,,,,,,,,,,
2024-01-16 00:49:43,2024-01-16 00:51:03,0,206.0.71.18,100,80,1,2024-01-16 00:51:03,R_1I9GOqpFeEGh6Dh,,,,,32.7908,-96.8336,anonymous,DE,1,26,2,5,2,,,,,,,,,,,,,,,,,,,,,,,,,,,,,,,,,,,,,,,,,,,,,,,,,,,,,,,,,,,,,,,,,,,,,,,,,,,,,
2024-01-16 00:51:08,2024-01-16 00:58:54,0,206.0.71.18,100,466,1,2024-01-16 00:58:55,R_61gztUgmjF0SzJv,,,,,32.7908,-96.8336,anonymous,DE,1,26,2,5,1,3,"2,3,8",1,2,5,7,9,4,1,8,2,3,6,6,1,5,2,6,5,5,2,1,1,1,1,4,2,1,2,2,4,4,2,5,6,5,5,2,2,5,3,3,3,2,3,3,6,6,5,6,4,1,2,3,4,4,3,5,5,4,3,3,3,5,3,3,3,5,4,3,2,2,2,3,4,1,4
2024-01-09 02:41:02,2024-01-09 02:49:08,0,109.90.40.161,89,485,0,2024-01-16 02:49:17,R_8ysB1YeedKTHyQN,,,,,,,anonymous,DE,1,26,2,5,1,3,"2,3,10,11",1,2,4,7,9,3,6,8,1,2,5,6,2,6,1,5,5,4,5,1,1,1,1,5,5,4,4,5,4,5,5,5,4,5,6,4,4,4,5,5,5,5,4,4,6,6,4,4,,,,,,,,,,,,,,,,,,,,,,,,,,,
2024-01-09 06:32:42,2024-01-09 06:33:08,0,49.98.246.204,5,26,0,2024-01-16 06:33:16,R_458TztCs4rFgDSx,,,,,,,anonymous,DE,1,,,,,,,,,,,,,,,,,,,,,,,,,,,,,,,,,,,,,,,,,,,,,,,,,,,,,,,,,,,,,,,,,,,,,,,,,,,,,,,,,
2024-01-09 07:33:49,2024-01-09 07:34:58,0,84.182.235.77,11,68,0,2024-01-16 07:35:02,R_1syO49XFZU7nVmV,,,,,,,anonymous,DE,1,33,2,5,1,,,,,,,,,,,,,,,,,,,,,,,,,,,,,,,,,,,,,,,,,,,,,,,,,,,,,,,,,,,,,,,,,,,,,,,,,,,,,
2024-01-09 08:13:59,2024-01-09 08:26:10,0,95.223.45.103,43,730,0,2024-01-16 08:26:14,R_4EmBqQTO9uPwjOr,,,,,,,anonymous,DE,1,22,2,4,1,3,"3,11",1,2,5,6,4,2,8,7,1,3,9,6,1,6,1,5,4,2,2,1,1,1,1,4,3,2,3,,,,,,,,,,,,,,,,,,,,,,,,,,,,,,,,,,,,,,,,,,,,,,,,
2024-01-09 08:46:38,2024-01-09 08:47:03,0,95.223.45.26,2,24,0,2024-01-16 08:47:07,R_1Ddoy4WOxzRpeOs,,,,,,,anonymous,DE,,,,,,,,,,,,,,,,,,,,,,,,,,,,,,,,,,,,,,,,,,,,,,,,,,,,,,,,,,,,,,,,,,,,,,,,,,,,,,,,,,
2024-01-09 08:57:46,2024-01-09 09:06:05,0,95.223.45.29,52,499,0,2024-01-16 09:06:22,R_45Whpvz8l5StwRj,,,,,,,anonymous,DE,1,47,2,5,1,3,"1,2,4",1,1,2,7,6,1,8,5,3,4,9,5,3,4,3,5,4,4,3,1,1,1,1,1,5,3,4,4,1,3,1,,,,,,,,,,,,,,,,,,,,,,,,,,,,,,,,,,,,,,,,,,,,
2024-01-09 10:41:40,2024-01-09 10:42:34,0,137.226.237.83,5,54,0,2024-01-16 10:42:35,R_5vRTRvdwzMfUKR3,,,,,,,anonymous,DE,1,,,,,,,,,,,,,,,,,,,,,,,,,,,,,,,,,,,,,,,,,,,,,,,,,,,,,,,,,,,,,,,,,,,,,,,,,,,,,,,,,
2024-01-09 11:15:13,2024-01-09 11:16:02,0,89.15.238.117,15,48,0,2024-01-16 11:16:03,R_5jDGIjNmTFhsLEo,,,,,,,anonymous,DE,1,23,1,5,1,3,"2,3",,,,,,,,,,,,,,,,,,,,,,,,,,,,,,,,,,,,,,,,,,,,,,,,,,,,,,,,,,,,,,,,,,,,,,,,,,,
2024-01-09 11:41:17,2024-01-09 11:42:44,0,89.0.47.54,11,87,0,2024-01-16 11:42:53,R_2elYkf46GCsTTPk,,,,,,,anonymous,DE,1,35,1,5,1,,,,,,,,,,,,,,,,,,,,,,,,,,,,,,,,,,,,,,,,,,,,,,,,,,,,,,,,,,,,,,,,,,,,,,,,,,,,,
2024-01-09 12:52:09,2024-01-09 13:10:20,0,89.1.82.198,44,1090,0,2024-01-16 13:10:21,R_8RLxSK3na3bkj6h,,,,,,,anonymous,DE,1,24,2,4,1,1,"2,3,4,6,10,11",1,1,1,9,7,6,5,4,2,3,8,5,3,2,2,5,5,5,6,1,3,2,1,2,5,4,5,,,,,,,,,,,,,,,,,,,,,,,,,,,,,,,,,,,,,,,,,,,,,,,,
2024-01-09 13:14:43,2024-01-09 13:15:16,0,95.223.44.202,11,32,0,2024-01-16 13:15:18,R_6F0I5dtdks2GhXz,,,,,,,anonymous,DE,1,21,2,4,1,,,,,,,,,,,,,,,,,,,,,,,,,,,,,,,,,,,,,,,,,,,,,,,,,,,,,,,,,,,,,,,,,,,,,,,,,,,,,
2024-01-09 13:46:03,2024-01-09 13:46:43,0,213.196.215.254,2,40,0,2024-01-16 13:46:53,R_2OAfJHzXyA8UDQd,,,,,,,anonymous,DE,,,,,,,,,,,,,,,,,,,,,,,,,,,,,,,,,,,,,,,,,,,,,,,,,,,,,,,,,,,,,,,,,,,,,,,,,,,,,,,,,,
2024-01-09 13:54:03,2024-01-09 13:55:04,0,141.201.143.175,5,61,0,2024-01-16 13:55:05,R_6GKwzD7AjugaqAO,,,,,,,anonymous,DE,1,,,,,,,,,,,,,,,,,,,,,,,,,,,,,,,,,,,,,,,,,,,,,,,,,,,,,,,,,,,,,,,,,,,,,,,,,,,,,,,,,
2024-01-09 14:33:59,2024-01-09 14:35:02,0,134.61.69.216,5,62,0,2024-01-16 14:35:03,R_4ppaLG4E9hl7tZf,,,,,,,anonymous,DE,1,,,,,,,,,,,,,,,,,,,,,,,,,,,,,,,,,,,,,,,,,,,,,,,,,,,,,,,,,,,,,,,,,,,,,,,,,,,,,,,,,
2024-01-09 14:58:15,2024-01-09 14:59:41,0,95.223.44.70,15,85,0,2024-01-16 14:59:46,R_63DniYwVdk1qfEl,,,,,,,anonymous,DE,1,24,2,5,1,3,"2,3,5,7,9",,,,,,,,,,,,,,,,,,,,,,,,,,,,,,,,,,,,,,,,,,,,,,,,,,,,,,,,,,,,,,,,,,,,,,,,,,,
